day,vessel_client,date,origin,destination,start_time,end_time,total_tonnage,overtime_tonnage,is_origin_empty,Service,invoiced,Price,total_price
Thu,CAP SAINTE MARIE,2023-11-02,MNBU4249382,MNBU0309185,18:23:00.000000000,19:20:00.000000000,26.01,26.01,true,Cross Stuffing,MAERSKLINE,30.0,1170.45
Fri,IZURDIA,2023-11-03,MNBU0463328,MNBU9031705,17:25:00.000000000,18:15:00.000000000,3.73,3.73,false,Unstuffing by Hand,NA,15.0,83.925
Sat,IZURDIA,2023-11-04,MNBU0463328,TLLU1221810,14:54:00.000000000,15:03:00.000000000,1.5,0.0,false,Unstuffing by Hand,ATUNSA,15.0,22.5
Sat,IZURDIA,2023-11-04,MNBU0463328,SUDU8147846,15:26:00.000000000,15:30:00.000000000,1.5,0.0,true,Unstuffing by Hand,ATUNSA,15.0,22.5
Wed,OCEAN BASKET,2023-11-15,SUDU6040313,CCCS,10:30:00.000000000,11:15:00.000000000,3.75,0.0,true,Unstuffing to CCCS,OCEAN BASKET,18.5,69.375
Wed,PLAYA DE RIS,2023-11-22,CXRU1115566,CGMU5175853,16:30:00.000000000,17:00:00.000000000,3.7,0.0,false,Unstuffing by Hand,PEVASA,15.0,55.5
Mon,EUSKADI ALAI,2023-12-11,TTNU8056832,CCCS,08:58:00.000000000,11:38:00.000000000,21.4,0.0,true,Unstuffing to CCCS,IOT,18.5,395.9
Mon,EUSKADI ALAI,2023-12-11,TCLU1221914,CCCS,11:57:00.000000000,15:10:00.000000000,27.41,0.0,true,Unstuffing to CCCS,IOT,18.5,507.085
Mon,EUSKADI ALAI,2023-12-11,TRIU8980882,CCCS,15:30:00.000000000,17:00:00.000000000,15.536,0.0,false,Unstuffing to CCCS,IOT,18.5,287.416
Tue,SAPMER,2023-12-12,MNBU3373763,CCCS,12:30:00.000000000,12:46:00.000000000,5.395,0.0,true,Unstuffing to CCCS,SAPMER,18.5,99.80749999999999
Tue,SAPMER,2023-12-12,MNBU3373763,SUDU5239321,09:50:00.000000000,12:22:00.000000000,20.973,0.0,true,Cross Stuffing,SAPMER,30.0,629.1899999999999
Fri,EUSKADI ALAI,2023-12-15,TRIU8980882,CCCS,10:30:00.000000000,11:15:00.000000000,11.001,0.0,true,Unstuffing to CCCS,IOT,18.5,203.5185
Fri,INPESCA S.A,2023-12-15,MNBU9025580,CCCS,15:00:00.000000000,15:50:00.000000000,7.867,0.0,true,Unstuffing to CCCS,INPESCA,18.5,145.5395
Mon,ARTZA,2023-12-18,MNBU3634717,MNBU0576371,15:25:00.000000000,16:24:00.000000000,27.56,0.0,true,Cross Stuffing,MAERSKLINE,30.0,826.8
Sat,INPESCA S.A,2023-12-23,SUDU6064737,CCCS,11:15:00.000000000,11:52:00.000000000,12.888,0.0,true,Unstuffing to CCCS,INPESCA,18.5,238.428
Sun,SAPMER,2023-12-24,TCLU4118351,SUDU6036571,08:28:00.000000000,08:50:00.000000000,5.06,0.0,true,Unstuffing by Hand,SAPMER,15.0,113.85
Sun,ATERPE ALAI,2023-12-24,MNBU3690562,CCCS,09:13:00.000000000,09:36:00.000000000,7.43,0.0,true,Unstuffing to CCCS,ECHEBASTAR,18.5,206.1825
Wed,JAI ALAI,2024-01-03,SUDU6106112,CCCS,08:42:00.000000000,09:01:00.000000000,4.39,0.0,true,Unstuffing to CCCS,ECHEBASTAR,18.5,81.21499999999999
Thu,DRACO,2024-01-04,SUDU8016682,MNBU0365276,12:03:00.000000000,13:21:00.000000000,26.96,0.0,true,Cross Stuffing,MAERSKLINE,30.0,808.8000000000001
Sat,BERNICA,2024-01-06,MNBU3591868,CCCS,12:27:00.000000000,14:00:00.000000000,16.18,0.0,true,Unstuffing to CCCS,SAPMER,18.5,299.33
Sat,BERNICA,2024-01-06,MNBU4051951,CCCS,10:04:00.000000000,12:12:00.000000000,24.7,0.0,true,Unstuffing to CCCS,SAPMER,18.5,456.95
Sat,BERNICA,2024-01-06,SUDU8164041,CCCS,09:39:00.000000000,09:50:00.000000000,6.36,0.0,true,Unstuffing to CCCS,SAPMER,18.5,117.66000000000001
Sat,BERNICA,2024-01-06,SUDU8165310,CCCS,08:15:00.000000000,09:28:00.000000000,24.73,0.0,true,Unstuffing to CCCS,SAPMER,18.5,457.505
Mon,ELAI ALAI,2024-01-08,TLLU1214908,TTNU8204204,14:50:00.000000000,15:35:00.000000000,6.97,0.0,true,Unstuffing by Hand,ECHEBASTAR,15.0,104.55
Mon,PLAYA DE AZKORRI,2024-01-08,TCLU1265342,CCCS,08:18:00.000000000,09:35:00.000000000,25.97,0.0,true,Unstuffing to CCCS,IOT,18.5,480.445
Mon,PLAYA DE AZKORRI,2024-01-08,TTNU8031834,CCCS,09:46:00.000000000,11:49:00.000000000,26.18,0.0,true,Unstuffing to CCCS,IOT,18.5,484.33
Mon,PLAYA DE AZKORRI,2024-01-08,TTNU8203430,CCCS,12:05:00.000000000,13:29:00.000000000,25.52,0.0,true,Unstuffing to CCCS,IOT,18.5,472.12
Mon,PLAYA DE AZKORRI,2024-01-08,TTNU8057021,CCCS,13:42:00.000000000,15:34:00.000000000,26.44,0.0,true,Unstuffing to CCCS,IOT,18.5,489.14000000000004
Mon,PLAYA DE AZKORRI,2024-01-08,TRIU8030806,CCCS,15:39:00.000000000,17:07:00.000000000,25.75,0.0,true,Unstuffing to CCCS,IOT,18.5,476.375
Mon,TXORI GORRI,2024-01-22,MNBU0391911,Izar Argia,14:16:00.000000000,14:41:00.000000000,3.96,0.0,true,Unstuffing to Cargo,INPESCA,31.0,122.76
Thu,IZARO,2024-01-25,MNBU3961303,SUDU6045228,16:49:00.000000000,17:00:00.000000000,4.01,0.0,true,Unstuffing by Hand,ECHEBASTAR,15.0,60.15
Wed,IZARO,2024-02-07,TCLU1265804,CCCS,15:58:00.000000000,17:59:00.000000000,25.93,5.0,true,Unstuffing to CCCS,IOT,18.5,525.9549999999999
Wed,IZARO,2024-02-07,TRIU8897567,CCCS,15:14:00.000000000,17:50:00.000000000,25.62,1.0,true,Unstuffing to CCCS,IOT,18.5,483.22
Wed,IZARO,2024-02-07,TRIU8898310,CCCS,13:12:00.000000000,15:13:00.000000000,26.22,0.0,true,Unstuffing to CCCS,IOT,18.5,485.07
Wed,IZARO,2024-02-07,TTNU8056832,CCCS,10:33:00.000000000,13:26:00.000000000,25.83,0.0,true,Unstuffing to CCCS,IOT,18.5,477.85499999999996
Wed,IZARO,2024-02-07,TTNU8203105,CCCS,08:21:00.000000000,10:33:00.000000000,25.97,0.0,true,Unstuffing to CCCS,IOT,18.5,480.445
Wed,IZARO,2024-02-07,TTNU8203358,CCCS,13:26:00.000000000,15:58:00.000000000,25.92,0.0,true,Unstuffing to CCCS,IOT,18.5,479.52000000000004
Wed,IZARO,2024-02-07,TTNU8204478,CCCS,10:50:00.000000000,13:12:00.000000000,25.95,0.0,true,Unstuffing to CCCS,IOT,18.5,480.075
Wed,IZARO,2024-02-07,TTNU8204903,CCCS,08:38:00.000000000,10:50:00.000000000,26.16,0.0,true,Unstuffing to CCCS,IOT,18.5,483.96
Mon,IZARO,2024-02-26,MSFU8627967,SUDU6009977,14:33:00.000000000,15:36:00.000000000,25.18,0.0,true,Cross Stuffing,MAERSKLINE,30.0,755.4
Wed,IZURDIA,2024-03-06,MNBU3284584,MNBU3300108,10:00:00.000000000,10:35:00.000000000,7.86,0.0,true,Unstuffing by Hand,ATUNSA,17.0,133.62
Tue,SAPMER,2024-03-12,SUDU5282077,CCCS,09:08:00.000000000,10:37:00.000000000,24.057,0.0,true,Unstuffing to CCCS,SAPMER,20.5,493.1685
Tue,SAPMER,2024-03-12,SUDU8065157,CCCS,10:45:00.000000000,12:04:00.000000000,24.02,0.0,true,Unstuffing to CCCS,SAPMER,20.5,492.40999999999997
Fri,IOT,2024-03-22,AMCU9422329,CCCS,11:30:00.000000000,12:50:00.000000000,28.06,0.0,true,Unstuffing to CCCS,IOT,20.5,575.23
Fri,IOT,2024-03-22,CAIU5698874,CCCS,09:23:00.000000000,10:26:00.000000000,24.635,0.0,true,Unstuffing to CCCS,IOT,20.5,505.01750000000004
Fri,IOT,2024-03-22,CXRU1318780,CCCS,12:58:00.000000000,15:05:00.000000000,26.71,0.0,true,Unstuffing to CCCS,IOT,20.5,547.5550000000001
Thu,IOT,2024-03-28,TRIU8030072,CCCS,13:34:00.000000000,15:20:00.000000000,25.903,0.0,true,Unstuffing to CCCS,IOT,20.5,531.0115
Thu,SAPMER,2024-03-28,SUDU5223407,CCCS,11:45:00.000000000,,2.71,0.0,true,Unstuffing to CCCS,NA,20.5,55.555
Tue,IPHS,2024-04-02,CGMU8008382,RSTU5000566,17:30:00.000000000,18:15:00.000000000,23.91,23.91,true,Cross Stuffing,IPHS,34.0,1219.41
Wed,INTERTUNA TRES,2024-04-03,MMAU1116324,SUDU8034285,13:40:00.000000000,15:15:00.000000000,26.92,0.0,true,Cross Stuffing,MAERSKLINE,34.0,915.2800000000001
Sat,INPESCA S.A,2024-04-06,MNBU3189376,CCCS,10:30:00.000000000,13:13:00.000000000,25.151,0.0,true,Unstuffing to CCCS,INPESCA,20.5,515.5955
Tue,DOLOMIEU,2024-04-09,TTNU8203403,CCCS,09:35:00.000000000,,27.923,0.0,true,Unstuffing to CCCS,IOT,20.5,572.4214999999999
Tue,DOLOMIEU,2024-04-09,TRIU8011175,CCCS,,,27.893,0.0,true,Unstuffing to CCCS,IOT,20.5,571.8065
Tue,DOLOMIEU,2024-04-09,TCLU1221339,CCCS,,,27.893,0.0,true,Unstuffing to CCCS,IOT,20.5,571.8065
Tue,DOLOMIEU,2024-04-09,TCLU1264583,CCCS,,16:20:00.000000000,23.752,0.0,true,Unstuffing to CCCS,IOT,20.5,486.916
Tue,INPESCA S.A,2024-04-09,MNBU3189376,SUDU8063663,18:38:00.000000000,20:11:00.000000000,25.151,25.151,true,Cross Stuffing,MAERSKLINE,34.0,1282.701
Sat,FRANCHE TERRE,2024-04-13,SZLU9500210,TRIU8796962,17:02:00.000000000,17:45:00.000000000,4.32,4.32,true,Unstuffing by Hand,SAPMER,17.0,110.16000000000001
Wed,BERNICA,2024-04-17,TTNU8058692,CCCS,08:45:00.000000000,,27.594,0.0,true,Unstuffing to CCCS,IOT,20.5,565.677
Wed,BERNICA,2024-04-17,TRIU8897567,CCCS,,12:30:00.000000000,19.272,0.0,true,Unstuffing to CCCS,IOT,20.5,395.07599999999996
Mon,FRANCHE TERRE,2024-04-22,TLLU1195515,CAIU5578230,10:40:00.000000000,11:15:00.000000000,3.1,0.0,true,Unstuffing by Hand,IPHS,17.0,52.7
Mon,OCEAN BASKET,2024-04-22,MNBU3481984,TLLU1195515,15:14:00.000000000,18:51:00.000000000,28.089,6.0,true,Cross Stuffing,MAERSKLINE,34.0,1057.0259999999998
Thu,IZURDIA,2024-04-25,APRU5786096,TCLU1341442,10:45:00.000000000,,0.83,0.0,true,Unstuffing by Hand,ATUNSA,17.0,14.11
Thu,IZURDIA,2024-04-25,APRU5786096,CXRU1635568,,,0.8,0.0,true,Unstuffing by Hand,ATUNSA,17.0,13.600000000000001
Thu,IZURDIA,2024-04-25,APRU5786096,CGMU6530736,,11:30:00.000000000,0.51,0.0,true,Unstuffing by Hand,ATUNSA,17.0,8.67
Sat,AMIRANTE,2024-05-04,SUDU8069661,MNBU9109110,09:53:00.000000000,16:19:00.000000000,26.692,0.0,true,Cross Stuffing,MAERSKLINE,34.0,907.528
Mon,JAI ALAI,2024-05-13,TTNU8192042,CCCS,17:01:00.000000000,18:30:00.000000000,26.496,26.496,true,Unstuffing to CCCS,IOT,20.5,814.752
Wed,JAI ALAI,2024-05-15,MSFU0006264,MSFU0002248,10:43:00.000000000,11:45:00.000000000,25.25,0.0,true,Cross Stuffing,MAERSKLINE,34.0,858.5
Wed,DOLOMIEU,2024-05-15,MNBU3959332,MNBU3115202,14:00:00.000000000,,7.88,0.0,true,Cross Stuffing,SAPMER,34.0,267.92
Wed,DOLOMIEU,2024-05-15,MNBU3959332,MNBU9003370,,,2.17,0.0,true,Cross Stuffing,SAPMER,34.0,73.78
Wed,DOLOMIEU,2024-05-15,MNBU3959332,MNBU3166529,,14:40:00.000000000,2.61,0.0,true,Cross Stuffing,SAPMER,34.0,88.74
Thu,JAI ALAI,2024-05-23,TTNU8202515,CCCS,08:16:00.000000000,09:43:00.000000000,16.542,0.0,true,Unstuffing to CCCS,IOT,20.5,339.11100000000005
Thu,JAI ALAI,2024-05-23,TTNU8204061,CCCS,09:57:00.000000000,12:10:00.000000000,26.457,0.0,true,Unstuffing to CCCS,IOT,20.5,542.3685
Thu,JAI ALAI,2024-05-23,TTNU8204610,CCCS,12:30:00.000000000,14:41:00.000000000,26.981,0.0,true,Unstuffing to CCCS,IOT,20.5,553.1105
Thu,JAI ALAI,2024-05-23,TTNU8203110,CCCS,14:52:00.000000000,16:44:00.000000000,24.946,0.0,true,Unstuffing to CCCS,IOT,20.5,511.39300000000003
Fri,JAI ALAI,2024-05-24,TTNU8336350,CCCS,08:07:00.000000000,,26.522,0.0,true,Unstuffing to CCCS,IOT,20.5,543.701
Fri,JAI ALAI,2024-05-24,TTNU8203492,CCCS,,11:38:00.000000000,26.765,0.0,true,Unstuffing to CCCS,IOT,20.5,548.6825
Fri,JAI ALAI,2024-05-24,TCLU1225308,CCCS,11:45:00.000000000,,26.707,0.0,true,Unstuffing to CCCS,IOT,20.5,547.4935
Fri,JAI ALAI,2024-05-24,TTNU8204293,CCCS,,,26.415,0.0,true,Unstuffing to CCCS,IOT,20.5,541.5074999999999
Sat,JAI ALAI,2024-05-25,TTNU8339350,CCCS,08:06:00.000000000,11:47:00.000000000,25.724,0.0,true,Unstuffing to CCCS,IOT,20.5,527.342
Tue,SAPMER,2024-06-04,MNBU3057364,CCCS,08:54:00.000000000,12:20:00.000000000,24.696,0.0,true,Unstuffing to CCCS,CCCS,20.5,506.26800000000003
Fri,IZARO,2024-06-28,MNBU0245326,MNBU4256993,18:47:00.000000000,20:16:00.000000000,26.51,26.51,true,Cross Stuffing,MAERSKLINE,34.0,1352.01
Tue,PLAYA DE ARITZATXU,2024-07-02,MNBU3838710,MNBU3685910,16:38:00.000000000,17:33:00.000000000,26.865,13.435,true,Cross Stuffing,MAERSKLINE,34.0,1141.8049999999998
Wed,OCEAN BASKET,2024-07-03,MNBU4046174,CCCS,08:55:00.000000000,10:15:00.000000000,16.224,0.0,true,Unstuffing to CCCS,OCEAN BASKET,20.5,332.592
Wed,ACILA,2024-07-10,MNBU0638093,MNBU3443599,13:33:00.000000000,13:45:00.000000000,0.81,0.0,false,Unstuffing by Hand,OMAN PELAGIC,17.0,13.770000000000001
Wed,ACILA,2024-07-10,MNBU3443599,MNBU0634483,14:59:00.000000000,15:10:00.000000000,0.9,0.0,false,Unstuffing by Hand,OMAN PELAGIC,17.0,15.3
Mon,ARTZA,2024-07-22,CGMU6523948,MNBU4275381,15:02:00.000000000,15:14:00.000000000,3.89,0.0,true,Unstuffing by Hand,ATUNSA,17.0,66.13
Tue,ITSAS TXORI,2024-07-23,MNBU9099916,MNBU4237695,11:40:00.000000000,12:25:00.000000000,26.96,0.0,true,Cross Stuffing,MAERSKLINE,34.0,916.64
Wed,DOLOMIEU,2024-08-21,MNBU0510800,TTNU8204400,15:10:00.000000000,15:40:00.000000000,4.46,0.0,true,Unstuffing by Hand,SAPMER,17.0,75.82
Sat,TXORI AUNDI,2024-08-24,MNBU9009996,Izar Argia,13:00:00.000000000,13:30:00.000000000,2.29,0.0,true,Unstuffing to Cargo,INPESCA,36.0,82.44
Thu,BERNICA,2024-08-29,MNBU3990298,CCCS,08:39:00.000000000,09:02:00.000000000,7.775,0.0,true,Unstuffing to CCCS,SAPMER,20.5,159.38750000000002
Tue,IOT,2024-09-03,MNBU3707304,CCCS,09:38:00.000000000,11:50:00.000000000,25.039,0.0,true,Unstuffing to CCCS,IOT EXP,20.5,513.2995000000001
Tue,IOT,2024-09-03,MNBU0366230,CCCS,12:00:00.000000000,16:43:00.000000000,26.5,0.0,true,Unstuffing to CCCS,IOT EXP,20.5,543.25
Wed,CAP SAINT VINCENT,2024-09-04,TRIU8880815,CCCS,08:27:00.000000000,10:42:00.000000000,26.712,0.0,true,Unstuffing to CCCS,IOT,20.5,547.596
Wed,CAP SAINT VINCENT,2024-09-04,TTNU8031834,CCCS,10:51:00.000000000,13:38:00.000000000,26.692,0.0,true,Unstuffing to CCCS,IOT,20.5,547.186
Wed,CAP SAINT VINCENT,2024-09-04,TTNU8193049,CCCS,13:45:00.000000000,15:45:00.000000000,26.603,0.0,true,Unstuffing to CCCS,IOT,20.5,545.3615
Wed,CAP SAINT VINCENT,2024-09-04,TTNU8194786,CCCS,15:54:00.000000000,17:00:00.000000000,15.392,0.0,true,Unstuffing to CCCS,IOT,20.5,315.536
Fri,IZURDIA,2024-09-06,MNBU3425933,SUDU8204782,13:36:00.000000000,14:03:00.000000000,4.88,0.0,true,Unstuffing by Hand,ATUNSA,17.0,82.96
Fri,CAP SAINT VINCENT,2024-09-06,TTNU8336350,CCCS,08:49:00.000000000,,26.588,0.0,true,Unstuffing to CCCS,IOT,20.5,545.054
Fri,CAP SAINT VINCENT,2024-09-06,TCLU1228570,CCCS,,,26.558,0.0,true,Unstuffing to CCCS,IOT,20.5,544.439
Fri,CAP SAINT VINCENT,2024-09-06,TTNU8054125,CCCS,,15:36:00.000000000,26.558,0.0,true,Unstuffing to CCCS,IOT,20.5,544.439
Mon,CAP SAINT VINCENT,2024-09-09,TCLU1223305,CCCS,15:15:00.000000000,17:21:00.000000000,26.694,4.064,true,Unstuffing to CCCS,IOT,20.5,588.8829999999999
Mon,CAP SAINT VINCENT,2024-09-09,TCLU1263735,CCCS,08:38:00.000000000,10:27:00.000000000,26.753,0.0,true,Unstuffing to CCCS,IOT,20.5,548.4365
Mon,CAP SAINT VINCENT,2024-09-09,TTNU8016059,CCCS,12:38:00.000000000,15:05:00.000000000,26.189,0.0,true,Unstuffing to CCCS,IOT,20.5,536.8745
Mon,CAP SAINT VINCENT,2024-09-09,TTNU8056787,CCCS,10:34:00.000000000,12:31:00.000000000,26.714,0.0,true,Unstuffing to CCCS,IOT,20.5,547.637
Tue,CAP SAINT VINCENT,2024-09-10,TRIU8881637,CCCS,15:10:00.000000000,18:21:00.000000000,27.662,6.569,true,Unstuffing to CCCS,IOT,20.5,634.4032500000001
Tue,CAP SAINT VINCENT,2024-09-10,TTNU8203677,CCCS,10:40:00.000000000,13:00:00.000000000,27.549,0.0,true,Unstuffing to CCCS,IOT,20.5,564.7545
Tue,CAP SAINT VINCENT,2024-09-10,TTNU8204225,CCCS,13:09:00.000000000,15:00:00.000000000,27.765,0.0,true,Unstuffing to CCCS,IOT,20.5,569.1825
Tue,CAP SAINT VINCENT,2024-09-10,TTNU8204903,CCCS,08:26:00.000000000,10:34:00.000000000,27.642,0.0,true,Unstuffing to CCCS,IOT,20.5,566.661
Wed,CAP SAINT VINCENT,2024-09-11,TTNU8203614,CCCS,08:26:00.000000000,09:52:00.000000000,23.388,0.0,true,Unstuffing to CCCS,IOT,20.5,479.454
Wed,IOT,2024-09-11,MMAU1347690,CCCS,10:05:00.000000000,14:10:00.000000000,25.794,0.0,true,Unstuffing to CCCS,IOT EXP,20.5,528.777
Wed,IOT,2024-09-11,MNBU4178340,CCCS,14:20:00.000000000,17:48:00.000000000,25.794,13.0,true,Unstuffing to CCCS,IOT EXP,20.5,662.027
Mon,IOT,2024-09-16,MNBU4385162,CCCS,09:10:00.000000000,13:38:00.000000000,28.013,0.0,true,Unstuffing to CCCS,IOT EXP,20.5,574.2665000000001
Mon,IOT,2024-09-16,MNBU3589032,CCCS,13:50:00.000000000,17:00:00.000000000,21.01,0.0,true,Unstuffing to CCCS,IOT EXP,20.5,430.70500000000004
Wed,ELAI ALAI,2024-09-18,TTNU8203677,CCCS,08:15:00.000000000,11:04:00.000000000,26.46,0.0,true,Unstuffing to CCCS,IOT,20.5,542.4300000000001
Wed,ELAI ALAI,2024-09-18,TTNU8202963,CCCS,11:11:00.000000000,14:00:00.000000000,26.658,0.0,true,Unstuffing to CCCS,IOT,20.5,546.489
Wed,ELAI ALAI,2024-09-18,TTNU8034849,CCCS,14:05:00.000000000,16:10:00.000000000,26.43,0.0,true,Unstuffing to CCCS,IOT,20.5,541.8149999999999
Thu,ELAI ALAI,2024-09-19,TTNU8204441,CCCS,08:06:00.000000000,10:20:00.000000000,26.96,0.0,true,Unstuffing to CCCS,IOT,20.5,552.6800000000001
Thu,ELAI ALAI,2024-09-19,TTNU8204420,CCCS,10:30:00.000000000,12:36:00.000000000,27.411,0.0,true,Unstuffing to CCCS,IOT,20.5,561.9255
Thu,ELAI ALAI,2024-09-19,TTNU8204903,CCCS,12:43:00.000000000,14:56:00.000000000,27.13,0.0,true,Unstuffing to CCCS,IOT,20.5,556.165
Thu,ELAI ALAI,2024-09-19,TCLU1223305,CCCS,15:04:00.000000000,16:35:00.000000000,27.09,0.0,true,Unstuffing to CCCS,IOT,20.5,555.345
Fri,ELAI ALAI,2024-09-20,TTNU8193347,CCCS,08:10:00.000000000,10:00:00.000000000,29.436,0.0,true,Unstuffing to CCCS,IOT,20.5,603.438
Fri,ECHEBASTAR,2024-10-11,MNBU0440298,CCCS,18:20:00.000000000,19:20:00.000000000,26.628,26.628,true,Unstuffing to CCCS,CCCS,20.5,818.811
Sat,IZURDIA,2024-10-12,MNBU3508750,MNBU9121440,13:01:00.000000000,14:10:00.000000000,6.93,0.0,true,Cross Stuffing,ATUNSA,34.0,235.62
Fri,SAPMER,2024-10-18,SUDU6271647,CCCS,09:02:00.000000000,09:49:00.000000000,13.472,0.0,true,Unstuffing to CCCS,SAPMER,20.5,276.176
Wed,INPESCA S.A,2024-10-23,MNBU3707304,MNBU3245124,14:15:00.000000000,14:53:00.000000000,26.386,0.0,true,Cross Stuffing,MAERSKLINE,34.0,897.124
Mon,GLENAN,2024-10-28,TCLU1223305,CCCS,08:00:00.000000000,09:09:00.000000000,19.944,0.0,true,Unstuffing to CCCS,IOT,20.5,408.852
Mon,GLENAN,2024-10-28,TCLU1216899,CCCS,09:16:00.000000000,10:15:00.000000000,13.487,0.0,true,Unstuffing to CCCS,IOT,20.5,276.4835
Thu,DOLOMIEU,2024-10-31,TCLU1240977,SEGU9226343,10:42:00.000000000,11:29:00.000000000,2.37,0.0,false,Unstuffing by Hand,SAPMER,17.0,40.29
Mon,JAI ALAI,2024-11-25,MNBU3030770,MNBU0664024,13:45:00.000000000,15:15:00.000000000,26.99,0.0,true,Cross Stuffing,MAERSKLINE,34.0,917.66
Mon,BERNICA,2024-11-25,SEKU9249831,TCLU1367350,16:01:00.000000000,17:00:00.000000000,11.21,0.0,false,Unstuffing by Hand,IPHS,17.0,190.57000000000002
Sat,BERNICA,2024-11-30,CXRU1557450,CGMU5393794,10:50:00.000000000,11:00:00.000000000,6.6,0.0,true,Cross Stuffing,SAPMER,34.0,224.39999999999998
Sat,BERNICA,2024-11-30,CXRU1557450,AMCU9369667,12:00:00.000000000,12:30:00.000000000,9.49,0.0,true,Cross Stuffing,SAPMER,34.0,322.66
Sat,BERNICA,2024-11-30,CXRU1557450,SUDU6179398,13:00:00.000000000,13:52:00.000000000,7.67,0.0,true,Cross Stuffing,SAPMER,34.0,260.78
Mon,BERNICA,2024-12-02,SEGU9539008,AMCU9369667,10:05:00.000000000,10:15:00.000000000,5.85,0.0,true,Cross Stuffing,SAPMER,34.0,198.89999999999998
Mon,BERNICA,2024-12-02,SEGU9539008,SUDU6179398,10:18:00.000000000,10:35:00.000000000,3.41,0.0,true,Cross Stuffing,SAPMER,34.0,115.94
Mon,BERNICA,2024-12-02,SEGU9539008,CGMU6938414,11:00:00.000000000,11:22:00.000000000,2.64,0.0,true,Cross Stuffing,SAPMER,34.0,89.76
Mon,BERNICA,2024-12-02,SEKU9249831,TCLU1367350,13:31:00.000000000,13:44:00.000000000,3.77,0.0,true,Cross Stuffing,SAPMER,34.0,128.18
Mon,BERNICA,2024-12-02,SEKU9249831,CCCS,13:31:00.000000000,13:44:00.000000000,1.05,0.0,true,Unstuffing by Hand,SAPMER,17.0,17.85
Mon,BERNICA,2024-12-02,TTNU8076079,CGMU9372676,14:38:00.000000000,15:25:00.000000000,8.72,0.0,true,Cross Stuffing,SAPMER,34.0,296.48
Mon,DOLOMIEU,2024-12-02,TCLU1216899,MNBU4372289,15:45:00.000000000,16:35:00.000000000,25.11,0.0,true,Cross Stuffing,SAPMER,34.0,853.74
Tue,DOLOMIEU,2024-12-03,TRIU8030072,CXRU1557450,09:08:00.000000000,10:22:00.000000000,24.93,0.0,true,Cross Stuffing,SAPMER,34.0,847.62
Tue,DOLOMIEU,2024-12-03,TTNU8016059,SEKU9249831,11:08:00.000000000,12:19:00.000000000,25.02,0.0,true,Cross Stuffing,SAPMER,34.0,850.68
Tue,DOLOMIEU,2024-12-03,TTNU8031834,SEGU9539008,12:50:00.000000000,13:50:00.000000000,25.01,0.0,true,Cross Stuffing,SAPMER,34.0,850.34
Fri,DRACO,2024-12-06,TLLU1034927,TEMU9361530,11:11:00.000000000,13:00:00.000000000,24.92,0.0,true,Cross Stuffing,ISABELLA FISHING,34.0,847.2800000000001
Fri,DRACO,2024-12-06,TLLU1030768,CXRU1357976,13:06:00.000000000,15:00:00.000000000,25.05,0.0,true,Cross Stuffing,ISABELLA FISHING,34.0,851.7
Fri,DRACO,2024-12-06,TLLU1030433,CGMU5426861,15:02:00.000000000,16:04:00.000000000,26.78,0.0,true,Cross Stuffing,ISABELLA FISHING,34.0,910.52
Sat,DRACO,2024-12-07,TLLU1034980,CGMU5276036,09:22:00.000000000,10:39:00.000000000,27.01,0.0,true,Cross Stuffing,ISABELLA FISHING,34.0,918.34
Sat,DRACO,2024-12-07,TLLU1034953,SZLU9208317,11:01:00.000000000,12:24:00.000000000,25.02,0.0,true,Cross Stuffing,ISABELLA FISHING,34.0,850.68
Sat,BERNICA,2024-12-07,TTNU8192823,MNBU3583369,12:42:00.000000000,16:15:00.000000000,24.83,0.0,true,Cross Stuffing,SAPMER,34.0,844.2199999999999
PH,BERNICA,2024-12-09,TCLU1228570,MNBU3123506,09:06:00.000000000,11:36:00.000000000,24.98,0.0,true,Cross Stuffing,SAPMER,34.0,1273.98
PH,BERNICA,2024-12-09,TTNU8203070,MNBU9005970,12:11:00.000000000,13:42:00.000000000,24.94,0.0,true,Cross Stuffing,SAPMER,34.0,1271.94
PH,DOLOMIEU,2024-12-09,TRIU8031103,MNBU3258585,14:18:00.000000000,15:08:00.000000000,24.8,0.0,true,Cross Stuffing,SAPMER,34.0,1264.8000000000002
Tue,DOLOMIEU,2024-12-10,TTNU8202963,MNBU3003120,09:01:00.000000000,10:01:00.000000000,25.01,0.0,true,Cross Stuffing,SAPMER,34.0,850.34
Tue,DOLOMIEU,2024-12-10,TTNU8034108,MMAU1273004,10:36:00.000000000,11:24:00.000000000,24.91,0.0,true,Cross Stuffing,SAPMER,34.0,846.94
Tue,DOLOMIEU,2024-12-10,TCLU1223305,MNBU0230711,11:37:00.000000000,12:34:00.000000000,24.94,0.0,true,Cross Stuffing,SAPMER,34.0,847.96
Tue,BERNICA,2024-12-10,TTNU8204293,MNBU4199234,13:05:00.000000000,14:06:00.000000000,25.0,0.0,true,Cross Stuffing,SAPMER,34.0,850.0
Tue,DOLOMIEU,2024-12-10,TTNU8193347,MNBU3735414,14:22:00.000000000,15:30:00.000000000,25.03,0.0,true,Cross Stuffing,SAPMER,34.0,851.02
Thu,ATERPE ALAI,2024-12-26,MNBU3653701,MNBU0343976,09:22:00.000000000,12:55:00.000000000,27.44,0.0,true,Cross Stuffing,MAERSKLINE,34.0,932.96
Fri,ECHEBASTAR,2025-01-24,MNBU0398536,MMAU1409620,18:13:00.000000000,19:25:00.000000000,26.818,26.818,true,Cross Stuffing,MAERSKLINE,34.0,1367.718
Tue,TXORI AUNDI,2025-01-28,MMAU1246122,CCCS,10:00:00.000000000,11:00:00.000000000,27.14,0.0,true,Unstuffing to CCCS,INPESCA,20.5,556.37
Tue,TXORI AUNDI,2025-01-28,MNBU4043555,CCCS,11:00:00.000000000,12:00:00.000000000,27.31,0.0,true,Unstuffing to CCCS,INPESCA,20.5,559.855
Tue,TXORI AUNDI,2025-01-28,MMAU1090404,CCCS,08:00:00.000000000,10:00:00.000000000,27.22,0.0,true,Unstuffing to CCCS,INPESCA,20.5,558.01
Tue,TXORI AUNDI,2025-01-28,MNBU3796214,CCCS,13:00:00.000000000,14:00:00.000000000,13.9,0.0,true,Unstuffing to CCCS,INPESCA,20.5,284.95
Fri,IZARO,2025-01-31,MNBU4158180,TTNU8204903,13:56:00.000000000,14:02:00.000000000,7.17,0.0,true,Cross Stuffing,HARTSWATER,34.0,243.78
Fri,IZARO,2025-01-31,MNBU3821683,MNBU0265702,15:30:00.000000000,16:32:00.000000000,28.19,0.0,true,Cross Stuffing,MAERSKLINE,34.0,958.46
Sat,IOT,2025-02-01,TTNU8203960,TCLU1223305,09:58:00.000000000,11:08:00.000000000,27.01,0.0,true,Cross Stuffing,IOT,34.0,918.34
Thu,ARTZA,2025-02-06,MNBU4289662,MNBU3055200,15:20:00.000000000,15:30:00.000000000,1.2,0.0,true,Unstuffing by Hand,ATUNSA,17.0,20.4
Thu,DOLOMIEU,2025-02-13,TCLU1312906,CGMU9369899,11:19:00.000000000,11:25:00.000000000,1.025,0.0,true,Cross Stuffing,SAPMER,34.0,34.849999999999994
Thu,DOLOMIEU,2025-02-13,TCLU1312906,CGMU9395898,11:30:00.000000000,11:30:00.000000000,1.025,0.0,true,Cross Stuffing,SAPMER,34.0,34.849999999999994
Tue,TXORI ARGI,2025-02-18,MNBU3821683,CCCS,08:42:00.000000000,09:08:00.000000000,13.83,0.0,true,Unstuffing to CCCS,INPESCA,20.5,283.515
Tue,TXORI ZURI,2025-02-18,MNBU0656374,CCCS,09:30:00.000000000,09:47:00.000000000,7.37,0.0,true,Unstuffing to CCCS,INPESCA,20.5,151.085
Tue,TXORI ZURI,2025-02-18,MMAU1279471,CCCS,09:56:00.000000000,10:47:00.000000000,26.9,0.0,true,Unstuffing to CCCS,INPESCA,20.5,551.4499999999999
Wed,TXORI ZURI,2025-02-19,SUDU8124408,MNBU0308424,15:30:00.000000000,16:15:00.000000000,26.94,0.0,true,Cross Stuffing,MAERSKLINE,34.0,915.96
Wed,IZARO,2025-02-19,SUDU6079700,MNBU3369315,16:40:00.000000000,17:50:00.000000000,29.42,4.2,true,Cross Stuffing,MAERSKLINE,34.0,1071.68
Fri,AMIRANTE,2025-02-28,MMAU1252613,MNBU9088486,19:16:00.000000000,21:14:00.000000000,28.168,28.168,true,Cross Stuffing,MAERSKLINE,34.0,1436.5679999999998
Tue,IZURDIA,2025-03-04,MNBU3866435,CGMU5290836,13:20:00.000000000,14:30:00.000000000,16.17,0.0,true,Cross Stuffing,ATUNSA,34.0,549.7800000000001
Tue,LAYLA,2025-03-04,MNBU0324298,MNBU4561220,15:23:00.000000000,15:33:00.000000000,3.55,0.0,false,Unstuffing by Hand,RAWANQ,17.0,60.349999999999994
Thu,NOUR,2025-03-13,MNBU4565797,CCCS,08:25:00.000000000,08:41:00.000000000,7.6,0.0,true,Unstuffing to CCCS,RAWANQ,20.5,155.79999999999998
Fri,ACILA,2025-03-14,MNBU3348919,MNBU3315480,13:45:00.000000000,14:05:00.000000000,5.43,0.0,true,Cross Stuffing,OMAN PELAGIC,34.0,184.62
Fri,ACILA,2025-03-14,MNBU3809055,MNBU3315480,14:15:00.000000000,14:25:00.000000000,4.86,0.0,true,Cross Stuffing,OMAN PELAGIC,34.0,165.24
Fri,ACILA,2025-03-14,MNBU3809055,MWCU5296267,14:35:00.000000000,14:48:00.000000000,8.23,0.0,true,Cross Stuffing,OMAN PELAGIC,34.0,279.82
Sat,DOLOMIEU,2025-03-15,CGMU6927847,CGMU5140142,12:46:00.000000000,13:10:00.000000000,5.7,0.0,true,Unstuffing by Hand,SAPMER,17.0,96.9
Wed,BERNICA,2025-03-19,SZLU9836946,CGMU5144683,14:04:00.000000000,14:32:00.000000000,11.65,0.0,true,Cross Stuffing,SAPMER,34.0,396.1
Wed,INPESCA S.A,2025-03-19,SZLU9060277,GESU9601537,17:50:00.000000000,18:40:00.000000000,26.483,26.483,true,Cross Stuffing,IPHS,34.0,1350.633
Fri,ADAMAS,2025-04-04,TLLU1159863,MNBU9027876,18:10:00.000000000,19:55:00.000000000,27.01,27.01,true,Cross Stuffing,MAERSKLINE,34.0,1377.51
Thu,LAYLA,2025-04-10,MNBU4464359,MNBU0081515,09:01:00.000000000,09:53:00.000000000,5.23,0.0,true,Unstuffing by Hand,RAWANQ,17.0,88.91000000000001
Fri,ELAI ALAI,2025-04-11,TTNU8203975,TTNU8203677,18:17:00.000000000,19:08:00.000000000,18.3,18.3,true,Cross Stuffing,IOT,34.0,933.3000000000001
Tue,NOUR,2025-04-15,MNBU4195413,MNBU9073064,18:02:00.000000000,18:34:00.000000000,10.46,10.46,true,Cross Stuffing,RAWANQ,34.0,533.46
Wed,TXORI ZURI,2025-04-16,MNBU3672492,Izar Argia,12:55:00.000000000,13:20:00.000000000,2.02,0.0,true,Unstuffing to Cargo,INPESCA,36.0,72.72
Wed,NOUR,2025-04-16,MNBU0070655,MNBU3431176,18:06:00.000000000,19:20:00.000000000,9.11,9.11,true,Cross Stuffing,RAWANQ,34.0,464.60999999999996
PH,HAWWA,2025-04-21,MNBU0482570,MNBU0615415,10:11:00.000000000,10:23:00.000000000,4.79,0.0,true,Cross Stuffing,RAWANQ,34.0,244.29000000000002
PH,HAWWA,2025-04-21,MNBU0482570,MNBU9034284,10:25:00.000000000,10:35:00.000000000,4.0,0.0,true,Cross Stuffing,RAWANQ,34.0,204.0
PH,HAWWA,2025-04-21,MNBU0482570,MNBU0182911,10:40:00.000000000,10:53:00.000000000,1.08,0.0,true,Cross Stuffing,RAWANQ,34.0,55.080000000000005
Wed,TXORI ARGI,2025-04-30,MNBU3444126,CCCS,08:05:00.000000000,09:00:00.000000000,26.479,0.0,true,Unstuffing to CCCS,INPESCA,20.5,542.8195
Wed,TXORI ARGI,2025-04-30,MMAU1004670,CCCS,09:02:00.000000000,09:35:00.000000000,26.488,0.0,true,Unstuffing to CCCS,INPESCA,20.5,543.004
Wed,TXORI ARGI,2025-04-30,MNBU3569186,CCCS,09:40:00.000000000,10:23:00.000000000,26.547,0.0,true,Unstuffing to CCCS,INPESCA,20.5,544.2135000000001
Wed,ITSAS TXORI,2025-04-30,MNBU3027415,CCCS,10:35:00.000000000,11:25:00.000000000,14.432,0.0,true,Unstuffing to CCCS,INPESCA,20.5,295.856
Wed,TXORI AUNDI,2025-04-30,SUDU8202250,CCCS,12:45:00.000000000,13:40:00.000000000,7.506,0.0,true,Unstuffing to CCCS,INPESCA,20.5,153.873
PH,LAYLA,2025-05-01,MNBU3758404,MWCU5331408,10:23:00.000000000,11:00:00.000000000,5.44,0.0,true,Cross Stuffing,RAWANQ,34.0,277.44
PH,LAYLA,2025-05-01,MNBU9070620,MWCU5331408,11:10:00.000000000,11:43:00.000000000,4.75,0.0,true,Cross Stuffing,RAWANQ,34.0,242.25
PH,LAYLA,2025-05-01,SUDU8213280,SUDU6220824,09:18:00.000000000,09:35:00.000000000,6.76,0.0,true,Cross Stuffing,RAWANQ,34.0,344.76
PH,LAYLA,2025-05-01,SUDU8213280,MWCU5315433,09:47:00.000000000,10:10:00.000000000,4.38,0.0,true,Cross Stuffing,RAWANQ,34.0,223.38
Tue,FRANCHE TERRE,2025-05-06,MNBU0433730,CCCS,10:37:00.000000000,11:19:00.000000000,10.668,0.0,true,Unstuffing to CCCS,OCEAN BASKET,20.5,218.694
Thu,DONGWON,2025-05-08,MNBU4343871,CCCS,08:19:00.000000000,13:30:00.000000000,23.744,0.0,true,Unstuffing to CCCS,OCEAN BASKET,20.5,486.752
Fri,TXORI ARGI,2025-05-16,TLLU1196620,CCCS,08:25:00.000000000,10:11:00.000000000,26.867,0.0,true,Unstuffing to CCCS,INPESCA,20.5,550.7735
Fri,TXORI ARGI,2025-05-16,MNBU3628308,CCCS,10:23:00.000000000,12:10:00.000000000,25.861,0.0,true,Unstuffing to CCCS,INPESCA,20.5,530.1505
Fri,TXORI ARGI,2025-05-16,MNBU0406930,CCCS,12:54:00.000000000,15:00:00.000000000,26.508,0.0,true,Unstuffing to CCCS,INPESCA,20.5,543.414
Fri,TXORI ARGI,2025-05-16,MNBU4566793,CCCS,,,15.896,0.0,false,Unstuffing to CCCS,INPESCA,20.5,325.868
Sat,TXORI ARGI,2025-05-17,MNBU9066851,CCCS,12:30:00.000000000,12:43:00.000000000,3.258,0.0,true,Unstuffing to CCCS,INPESCA,20.5,66.789
Sat,TXORI ARGI,2025-05-17,MNBU4566793,CCCS,08:20:00.000000000,09:40:00.000000000,13.993,0.0,true,Unstuffing to CCCS,INPESCA,20.5,286.8565
Sat,TXORI ARGI,2025-05-17,MNBU0310308,CCCS,09:51:00.000000000,12:30:00.000000000,26.057,0.0,true,Unstuffing to CCCS,INPESCA,20.5,534.1685
Mon,CAPE CORAL,2025-05-19,SUDU8006982,CCCS,09:44:00.000000000,11:27:00.000000000,5.706,0.0,true,Unstuffing to CCCS,AMIRANTE,20.5,116.97300000000001
Mon,GALERNA LAU,2025-05-19,MNBU4495684,CCCS,09:36:00.000000000,09:42:00.000000000,8.228,0.0,true,Unstuffing to CCCS,AMIRANTE,20.5,168.674
Mon,HAWWA,2025-05-19,TTNU8757730,CCCS,11:27:00.000000000,12:01:00.000000000,17.108,0.0,true,Unstuffing to CCCS,HUNT DELTEL,20.5,350.714
Tue,ALAKRANA,2025-05-20,MNBU0107414,CCCS,15:48:00.000000000,15:56:00.000000000,1.766,0.0,false,Unstuffing to CCCS,ECHEBASTAR,20.5,36.203
Thu,INPESCA S.A,2025-05-22,SUDU8124898,MNBU0122300,15:00:00.000000000,15:48:00.000000000,26.64,0.0,true,Cross Stuffing,INPESCA,34.0,905.76
Fri,BERNICA,2025-05-23,FSCU5717251,CGMU5261843,09:52:00.000000000,11:43:00.000000000,25.07,0.0,true,Cross Stuffing,IPHS,34.0,852.38
Mon,DONIENE,2025-05-26,SEGU9553285,TRIU8130750,15:05:00.000000000,15:20:00.000000000,2.9,0.0,false,Unstuffing by Hand,ATUNSA,17.0,49.3
Mon,DONIENE,2025-05-26,MNBU3604749,TRIU8130750,16:45:00.000000000,16:59:00.000000000,3.55,0.0,false,Unstuffing by Hand,ATUNSA,17.0,60.349999999999994
Tue,TXORI ZURI,2025-05-27,MMAU1354770,CCCS,08:20:00.000000000,09:58:00.000000000,28.14,0.0,true,Unstuffing to CCCS,INPESCA,20.5,576.87
Wed,DOLOMIEU,2025-05-28,TEMU9272469,MMAU1161956,11:00:00.000000000,,2.76,0.0,true,Cross Stuffing,SAPMER,34.0,93.83999999999999
Wed,BERNICA,2025-05-28,CGMU5534188,MMAU1161956,,12:15:00.000000000,8.61,0.0,true,Cross Stuffing,SAPMER,34.0,292.74
Wed,INPESCA S.A,2025-05-28,MNBU3235635,MNBU9103195,14:07:00.000000000,14:50:00.000000000,26.555,0.0,true,Cross Stuffing,MAERSKLINE,34.0,902.87
Wed,INPESCA S.A,2025-05-28,SUDU8029756,MMAU1097918,15:50:00.000000000,16:50:00.000000000,26.562,0.0,true,Cross Stuffing,MAERSKLINE,34.0,903.1080000000001
Mon,IZARO,2025-06-02,MNBU4220162,MMAU1278900,14:30:00.000000000,14:52:00.000000000,1.891,0.0,false,Unstuffing by Hand,HARTSWATER,17.0,32.147
Wed,AMIRANTE,2025-06-04,MNBU3611619,CCCS,08:32:00.000000000,10:39:00.000000000,12.445,0.0,true,Unstuffing to CCCS,AMIRANTE,20.5,255.1225
Wed,FRANCHE TERRE,2025-06-04,MNBU3288810,MNBU3364437,15:37:00.000000000,16:05:00.000000000,2.52,0.0,false,Unstuffing by Hand,IPHS,17.0,42.84
Tue,GALERNA TRES,2025-06-10,MNBU0054274,CCCS,08:38:00.000000000,08:58:00.000000000,4.069,0.0,true,Unstuffing to CCCS,AMIRANTE,20.5,83.4145
Mon,DONIENE,2025-06-16,MNBU3915695,CCCS,13:50:00.000000000,16:55:00.000000000,16.627,0.0,false,Unstuffing to CCCS,ATUNSA,20.5,340.8535
Tue,RAWANQ,2025-06-17,MNBU0140480,CCCS,08:30:00.000000000,09:28:00.000000000,2.692,0.0,false,Unstuffing to CCCS,RAWANQ,20.5,55.18600000000001
Tue,DONIENE,2025-06-17,MNBU3915695,CCCS,09:15:00.000000000,10:25:00.000000000,10.239,0.0,true,Unstuffing to CCCS,ATUNSA,20.5,209.89950000000002
