day_name,date,customer,movement_type,overtime,start_time,end_time,num_of_scows,tonnage,Price,total_price
Thu,2024-01-04,IOT,IPHS Delivery of Full Scows to IOT,normal hours,10:00:00.000000000,11:20:00.000000000,26,13.261,3.5,46.4135
Fri,2024-01-05,IOT,IPHS Delivery of Full Scows to IOT,normal hours,10:20:00.000000000,16:12:00.000000000,52,43.435,3.5,152.0225
Mon,2024-01-08,IOT,IPHS Delivery of Full Scows to IOT,normal hours,10:25:00.000000000,16:25:00.000000000,125,102.754,3.5,359.639
Thu,2024-01-11,IOT,IPHS Delivery of Full Scows to IOT,normal hours,08:50:00.000000000,15:45:00.000000000,104,79.268,3.5,277.438
Fri,2024-01-12,IOT,IPHS Delivery of Full Scows to IOT,normal hours,09:35:00.000000000,15:10:00.000000000,52,39.588,3.5,138.558
Mon,2024-01-15,IOT,IPHS Delivery of Full Scows to IOT,normal hours,09:40:00.000000000,15:05:00.000000000,78,61.529,3.5,215.35150000000002
Tue,2024-01-16,IOT,IPHS Delivery of Full Scows to IOT,normal hours,11:00:00.000000000,15:35:00.000000000,60,54.862,3.5,192.017
Wed,2024-01-17,IOT,IPHS Delivery of Full Scows to IOT,normal hours,09:40:00.000000000,16:39:00.000000000,65,58.965,3.5,206.3775
Thu,2024-01-18,IOT,IPHS Delivery of Full Scows to IOT,overtime 150%,17:10:00.000000000,17:50:00.000000000,26,20.549999237060547,3.5,107.88749599456787
Thu,2024-01-18,IOT,IPHS Delivery of Full Scows to IOT,normal hours,11:30:00.000000000,16:45:00.000000000,97,74.74800076293945,3.5,261.6180026702881
Fri,2024-01-19,IOT,IPHS Delivery of Full Scows to IOT,normal hours,10:25:00.000000000,17:06:00.000000000,91,58.94199964141846,3.5,206.2969987449646
Sun,2024-01-21,IOT,IPHS Delivery of Full Scows to IOT,overtime 150%,09:10:00.000000000,16:05:00.000000000,169,106.40499965667725,3.5,558.6262481975555
Sun,2024-01-21,IOT,IPHS Delivery of Full Scows to IOT,overtime 200%,16:30:00.000000000,16:40:00.000000000,13,10.640000343322754,3.5,74.48000240325928
Mon,2024-01-22,IOT,IPHS Delivery of Full Scows to IOT,normal hours,10:50:00.000000000,16:50:00.000000000,104,81.798,3.5,286.293
Tue,2024-01-23,IOT,IPHS Delivery of Full Scows to IOT,normal hours,09:45:00.000000000,16:15:00.000000000,88,69.429,3.5,243.00150000000002
Wed,2024-01-24,IOT,IPHS Delivery of Full Scows to IOT,normal hours,10:25:00.000000000,16:00:00.000000000,91,74.906,3.5,262.17100000000005
Thu,2024-01-25,IOT,IPHS Delivery of Full Scows to IOT,normal hours,09:05:00.000000000,14:55:00.000000000,84,62.476,3.5,218.666
Fri,2024-01-26,IOT,IPHS Delivery of Full Scows to IOT,normal hours,09:50:00.000000000,16:40:00.000000000,91,69.309,3.5,242.5815
Mon,2024-01-29,IOT,IPHS Delivery of Full Scows to IOT,overtime 150%,17:05:00.000000000,17:15:00.000000000,13,10.015999794006348,3.5,52.583998918533325
Mon,2024-01-29,IOT,IPHS Delivery of Full Scows to IOT,normal hours,08:50:00.000000000,16:39:00.000000000,127,97.85100020599366,3.5,342.4785007209778
Wed,2024-01-31,IOT,IPHS Delivery of Full Scows to IOT,normal hours,09:10:00.000000000,16:35:00.000000000,118,96.043,3.5,336.1505
Thu,2024-02-01,IOT,IPHS Delivery of Full Scows to IOT,normal hours,09:45:00.000000000,15:35:00.000000000,91,69.96,3.5,244.85999999999999
Mon,2024-02-05,IOT,IPHS Delivery of Full Scows to IOT,normal hours,10:45:00.000000000,16:20:00.000000000,104,85.3,3.5,298.55
Tue,2024-02-06,IOT,IPHS Delivery of Full Scows to IOT,normal hours,10:05:00.000000000,16:40:00.000000000,117,97.332,3.5,340.662
Wed,2024-02-07,IOT,IPHS Delivery of Full Scows to IOT,normal hours,09:45:00.000000000,16:26:00.000000000,145,115.561,3.5,404.4635
Thu,2024-02-08,IOT,IPHS Delivery of Full Scows to IOT,normal hours,09:20:00.000000000,16:43:00.000000000,149,112.914,3.5,395.199
Mon,2024-02-12,IOT,IPHS Delivery of Full Scows to IOT,normal hours,10:20:00.000000000,16:20:00.000000000,120,91.444,3.5,320.05400000000003
Tue,2024-02-13,IOT,IPHS Delivery of Full Scows to IOT,normal hours,09:48:00.000000000,16:00:00.000000000,78,52.101,3.5,182.3535
Wed,2024-02-14,IOT,IPHS Delivery of Full Scows to IOT,normal hours,11:00:00.000000000,14:50:00.000000000,42,36.559,3.5,127.95649999999999
Thu,2024-02-15,IOT,IPHS Delivery of Full Scows to IOT,normal hours,10:00:00.000000000,16:33:00.000000000,91,79.331,3.5,277.6585
Fri,2024-02-16,IOT,IPHS Delivery of Full Scows to IOT,normal hours,11:20:00.000000000,16:20:00.000000000,64,57.598,3.5,201.593
Mon,2024-02-19,IOT,IPHS Delivery of Full Scows to IOT,overtime 150%,17:35:00.000000000,17:45:00.000000000,26,21.36199951171875,3.5,112.15049743652344
Mon,2024-02-19,IOT,IPHS Delivery of Full Scows to IOT,normal hours,09:40:00.000000000,16:15:00.000000000,104,81.33900048828124,3.5,284.68650170898434
Tue,2024-02-20,IOT,IPHS Delivery of Full Scows to IOT,normal hours,09:25:00.000000000,15:55:00.000000000,104,90.48199977111817,3.5,316.6869991989136
Tue,2024-02-20,IOT,IPHS Delivery of Full Scows to IOT,overtime 150%,17:20:00.000000000,17:30:00.000000000,26,22.635000228881836,3.5,118.83375120162964
Wed,2024-02-21,IOT,IPHS Delivery of Full Scows to IOT,normal hours,09:25:00.000000000,16:20:00.000000000,130,111.549,3.5,390.42150000000004
Thu,2024-02-22,IOT,IPHS Delivery of Full Scows to IOT,normal hours,09:45:00.000000000,16:30:00.000000000,146,137.212,3.5,480.24199999999996
Fri,2024-02-23,IOT,IPHS Delivery of Full Scows to IOT,normal hours,09:45:00.000000000,15:40:00.000000000,92,72.887,3.5,255.1045
Mon,2024-02-26,IOT,IPHS Delivery of Full Scows to IOT,normal hours,09:40:00.000000000,16:40:00.000000000,122,83.167,3.5,291.0845
Tue,2024-02-27,IOT,IPHS Delivery of Full Scows to IOT,normal hours,12:15:00.000000000,16:40:00.000000000,65,43.456,3.5,152.096
Wed,2024-02-28,IOT,IPHS Delivery of Full Scows to IOT,normal hours,10:10:00.000000000,16:30:00.000000000,95,90.906,3.5,318.17100000000005
Thu,2024-02-29,IOT,IPHS Delivery of Full Scows to IOT,normal hours,09:59:00.000000000,16:10:00.000000000,104,96.065,3.5,336.22749999999996
Mon,2024-03-04,IOT,IPHS Delivery of Full Scows to IOT,normal hours,10:15:00.000000000,12:00:00.000000000,52,46.552,3.5,162.932
Fri,2024-03-08,IOT,IPHS Delivery of Full Scows to IOT,normal hours,09:45:00.000000000,16:35:00.000000000,156,94.396,3.5,330.386
Mon,2024-03-11,IOT,IPHS Delivery of Full Scows to IOT,normal hours,09:45:00.000000000,16:40:00.000000000,156,84.915,3.5,297.20250000000004
Tue,2024-03-12,IOT,IPHS Delivery of Full Scows to IOT,normal hours,09:50:00.000000000,15:55:00.000000000,92,82.728,3.5,289.548
Wed,2024-03-13,IOT,IPHS Delivery of Full Scows to IOT,normal hours,10:20:00.000000000,11:40:00.000000000,47,43.501,3.5,152.2535
Fri,2024-03-15,IOT,IPHS Delivery of Full Scows to IOT,normal hours,09:50:00.000000000,15:10:00.000000000,104,97.319,3.5,340.61650000000003
Mon,2024-03-18,SAPMER,IPHS Collection of Full Scows from IOT,normal hours,11:40:00.000000000,11:50:00.000000000,19,10.87,3.5,38.044999999999995
Mon,2024-03-18,IOT,IPHS Delivery of Full Scows to IOT,normal hours,12:25:00.000000000,16:10:00.000000000,69,43.295,3.5,151.5325
Tue,2024-03-19,IOT,IPHS Delivery of Full Scows to IOT,normal hours,09:20:00.000000000,16:20:00.000000000,131,95.628,3.5,334.698
Wed,2024-03-20,IOT,IPHS Delivery of Full Scows to IOT,normal hours,11:20:00.000000000,16:40:00.000000000,72,55.441,3.5,194.0435
Sun,2024-03-24,IOT,IPHS Delivery of Full Scows to IOT,overtime 150%,08:50:00.000000000,14:35:00.000000000,146,124.783,3.5,655.1107499999999
Mon,2024-03-25,IOT,IPHS Delivery of Full Scows to IOT,normal hours,09:10:00.000000000,16:20:00.000000000,110,87.491,3.5,306.2185
Tue,2024-03-26,IOT,IPHS Delivery of Full Scows to IOT,normal hours,09:35:00.000000000,15:20:00.000000000,68,55.926,3.5,195.741
Thu,2024-03-28,IOT,IPHS Delivery of Full Scows to IOT,normal hours,09:45:00.000000000,17:00:00.000000000,100,65.827,3.5,230.3945
Thu,2024-03-28,SAPMER,IPHS Collection of Full Scows from IOT,normal hours,12:10:00.000000000,12:20:00.000000000,6,4.472,3.5,15.652000000000001
Wed,2024-04-03,IOT,IPHS Delivery of Full Scows to IOT,normal hours,09:08:00.000000000,16:53:00.000000000,73,54.757,3.5,191.6495
Thu,2024-04-04,IOT,IPHS Delivery of Full Scows to IOT,normal hours,10:10:00.000000000,16:06:00.000000000,56,40.68,3.5,142.38
Fri,2024-04-05,IOT,IPHS Delivery of Full Scows to IOT,normal hours,09:56:00.000000000,13:47:00.000000000,42,28.693,3.5,100.4255
Tue,2024-04-09,IOT,IPHS Delivery of Full Scows to IOT,normal hours,10:00:00.000000000,15:30:00.000000000,72,43.857,3.5,153.4995
Thu,2024-04-11,IOT,IPHS Delivery of Full Scows to IOT,normal hours,09:15:00.000000000,13:55:00.000000000,56,39.324,3.5,137.634
Mon,2024-04-15,IOT,IPHS Delivery of Full Scows to IOT,normal hours,10:40:00.000000000,16:50:00.000000000,104,98.644,3.5,345.254
Tue,2024-04-16,IOT,IPHS Delivery of Full Scows to IOT,normal hours,09:40:00.000000000,15:55:00.000000000,80,63.722,3.5,223.02700000000002
Wed,2024-04-17,IOT,IPHS Delivery of Full Scows to IOT,normal hours,12:20:00.000000000,16:40:00.000000000,65,54.761,3.5,191.6635
Thu,2024-04-18,IOT,IPHS Delivery of Full Scows to IOT,normal hours,10:20:00.000000000,16:05:00.000000000,83,78.824,3.5,275.884
Mon,2024-04-22,IOT,IPHS Delivery of Full Scows to IOT,normal hours,10:20:00.000000000,15:19:00.000000000,87,33.954,3.5,118.839
Tue,2024-04-23,IOT,IPHS Delivery of Full Scows to IOT,normal hours,09:40:00.000000000,16:34:00.000000000,130,114.206,3.5,399.721
Wed,2024-04-24,IOT,IPHS Delivery of Full Scows to IOT,normal hours,09:20:00.000000000,16:40:00.000000000,112,110.265,3.5,385.9275
Tue,2024-05-07,IOT,IPHS Delivery of Full Scows to IOT,normal hours,11:45:00.000000000,16:10:00.000000000,56,29.942,3.5,104.797
Wed,2024-05-08,IOT,IPHS Delivery of Full Scows to IOT,normal hours,10:00:00.000000000,16:10:00.000000000,92,56.702,3.5,198.457
Fri,2024-05-10,IOT,IPHS Delivery of Full Scows to IOT,normal hours,10:10:00.000000000,15:35:00.000000000,67,37.404,3.5,130.91400000000002
Wed,2024-05-15,IOT,IPHS Delivery of Full Scows to IOT,normal hours,15:35:00.000000000,16:42:00.000000000,25,13.617,3.5,47.6595
Thu,2024-05-16,IOT,IPHS Delivery of Full Scows to IOT,normal hours,11:55:00.000000000,15:50:00.000000000,46,33.524,3.5,117.334
Tue,2024-05-21,IOT,IPHS Delivery of Full Scows to IOT,normal hours,10:50:00.000000000,16:34:00.000000000,66,56.893,3.5,199.1255
Wed,2024-05-22,IOT,IPHS Delivery of Full Scows to IOT,normal hours,10:03:00.000000000,15:30:00.000000000,93,76.541,3.5,267.8935
Thu,2024-05-23,IOT,IPHS Delivery of Full Scows to IOT,normal hours,11:40:00.000000000,16:20:00.000000000,61,94.926,3.5,332.241
Fri,2024-05-24,IOT,IPHS Delivery of Full Scows to IOT,normal hours,10:20:00.000000000,16:57:00.000000000,104,85.291,3.5,298.5185
Mon,2024-05-27,IOT,IPHS Delivery of Full Scows to IOT,normal hours,09:44:00.000000000,15:57:00.000000000,104,96.202,3.5,336.707
Tue,2024-05-28,IOT,IPHS Delivery of Full Scows to IOT,normal hours,09:42:00.000000000,15:15:00.000000000,104,93.775,3.5,328.21250000000003
Wed,2024-05-29,IOT,IPHS Collection of Full Scows from IOT,normal hours,10:37:00.000000000,14:02:00.000000000,44,38.943,3.5,136.3005
Mon,2024-06-03,IOT,IPHS Delivery of Full Scows to IOT,normal hours,09:50:00.000000000,16:15:00.000000000,130,126.108,3.5,441.37800000000004
Tue,2024-06-04,IOT,IPHS Delivery of Full Scows to IOT,normal hours,10:00:00.000000000,15:35:00.000000000,130,120.378,3.5,421.323
Wed,2024-06-05,IOT,IPHS Delivery of Full Scows to IOT,normal hours,09:50:00.000000000,16:25:00.000000000,156,143.001,3.5,500.50350000000003
Thu,2024-06-06,IOT,IPHS Delivery of Full Scows to IOT,normal hours,10:20:00.000000000,15:45:00.000000000,104,81.574,3.5,285.509
Fri,2024-06-07,IOT,IPHS Delivery of Full Scows to IOT,normal hours,10:30:00.000000000,15:55:00.000000000,104,99.63,3.5,348.705
Sat,2024-06-08,IOT,IPHS Delivery of Full Scows to IOT,normal hours,10:10:00.000000000,16:00:00.000000000,130,106.137,3.5,371.47950000000003
Mon,2024-06-10,IOT,IPHS Delivery of Full Scows to IOT,overtime 150%,17:08:00.000000000,17:14:00.000000000,26,23.552000045776367,3.5,123.64800024032593
Mon,2024-06-10,IOT,IPHS Delivery of Full Scows to IOT,normal hours,10:15:00.000000000,16:16:00.000000000,104,94.20899995422363,3.5,329.7314998397827
Tue,2024-06-11,IOT,IPHS Delivery of Full Scows to IOT,normal hours,09:57:00.000000000,16:44:00.000000000,156,130.351,3.5,456.2285
Wed,2024-06-12,IOT,IPHS Delivery of Full Scows to IOT,normal hours,10:31:00.000000000,16:27:00.000000000,130,95.0,3.5,332.5
Thu,2024-06-13,IOT,IPHS Delivery of Full Scows to IOT,normal hours,10:30:00.000000000,16:30:00.000000000,130,104.664,3.5,366.324
Fri,2024-06-14,IOT,IPHS Delivery of Full Scows to IOT,normal hours,09:25:00.000000000,16:25:00.000000000,123,120.12,3.5,420.42
Wed,2024-06-19,IOT,IPHS Delivery of Full Scows to IOT,normal hours,12:15:00.000000000,16:55:00.000000000,77,61.898,3.5,216.643
Thu,2024-06-20,IOT,IPHS Delivery of Full Scows to IOT,normal hours,10:15:00.000000000,16:15:00.000000000,104,69.023,3.5,241.58049999999997
Fri,2024-06-21,IOT,IPHS Delivery of Full Scows to IOT,normal hours,09:20:00.000000000,16:15:00.000000000,70,46.294,3.5,162.029
Mon,2024-06-24,IOT,IPHS Delivery of Full Scows to IOT,normal hours,08:50:00.000000000,16:41:00.000000000,98,50.351,3.5,176.2285
Tue,2024-06-25,IOT,IPHS Delivery of Full Scows to IOT,normal hours,10:09:00.000000000,16:34:00.000000000,85,77.218,3.5,270.26300000000003
Wed,2024-06-26,IOT,IPHS Delivery of Full Scows to IOT,normal hours,10:10:00.000000000,16:36:00.000000000,73,74.624,3.5,261.18399999999997
Thu,2024-06-27,IOT,IPHS Delivery of Full Scows to IOT,normal hours,09:05:00.000000000,13:13:00.000000000,92,80.82,3.5,282.87
Fri,2024-06-28,IOT,IPHS Delivery of Full Scows to IOT,normal hours,09:55:00.000000000,16:14:00.000000000,106,91.034,3.5,318.619
Sun,2024-06-30,IOT,IPHS Delivery of Full Scows to IOT,overtime 150%,08:54:00.000000000,15:55:00.000000000,122,104.303,3.5,547.59075
Tue,2024-07-02,IOT,IPHS Delivery of Full Scows to IOT,normal hours,09:15:00.000000000,16:45:00.000000000,108,94.878,3.5,332.073
Wed,2024-07-03,IOT,IPHS Delivery of Full Scows to IOT,normal hours,10:00:00.000000000,16:35:00.000000000,114,107.644,3.5,376.754
Thu,2024-07-04,IOT,IPHS Delivery of Full Scows to IOT,normal hours,10:00:00.000000000,16:55:00.000000000,144,133.368,3.5,466.788
Mon,2024-07-08,IOT,IPHS Delivery of Full Scows to IOT,normal hours,09:11:00.000000000,16:49:00.000000000,136,104.253,3.5,364.8855
Tue,2024-07-09,IOT,IPHS Delivery of Full Scows to IOT,normal hours,09:22:00.000000000,11:48:00.000000000,42,33.709,3.5,117.98150000000001
Wed,2024-07-10,IOT,IPHS Delivery of Full Scows to IOT,normal hours,09:15:00.000000000,16:41:00.000000000,112,103.435,3.5,362.02250000000004
Thu,2024-07-11,IOT,IPHS Delivery of Full Scows to IOT,normal hours,08:50:00.000000000,16:34:00.000000000,106,93.072,3.5,325.752
Fri,2024-07-12,IOT,IPHS Delivery of Full Scows to IOT,normal hours,08:49:00.000000000,16:38:00.000000000,120,100.376,3.5,351.31600000000003
Mon,2024-07-15,IOT,IPHS Delivery of Full Scows to IOT,normal hours,09:20:00.000000000,16:35:00.000000000,146,127.705,3.5,446.9675
Tue,2024-07-16,IOT,IPHS Delivery of Full Scows to IOT,normal hours,09:30:00.000000000,09:40:00.000000000,26,21.887,3.5,76.6045
Wed,2024-07-17,IOT,IPHS Delivery of Full Scows to IOT,normal hours,09:44:00.000000000,11:27:00.000000000,52,47.942,3.5,167.797
Thu,2024-07-18,IOT,IPHS Delivery of Full Scows to IOT,overtime 150%,17:45:00.000000000,18:23:00.000000000,28,35.98699951171875,3.5,188.93174743652344
Thu,2024-07-18,IOT,IPHS Delivery of Full Scows to IOT,normal hours,09:50:00.000000000,17:07:00.000000000,69,47.12600048828125,3.5,164.94100170898437
Fri,2024-07-19,IOT,IPHS Delivery of Full Scows to IOT,normal hours,09:19:00.000000000,16:50:00.000000000,162,140.76,3.5,492.65999999999997
Sat,2024-07-20,IOT,IPHS Delivery of Full Scows to IOT,normal hours,08:47:00.000000000,16:27:00.000000000,158,148.558,3.5,519.953
Sun,2024-07-21,IOT,IPHS Delivery of Full Scows to IOT,overtime 150%,08:39:00.000000000,15:39:00.000000000,172,156.586,3.5,822.0765000000001
Mon,2024-07-22,IOT,IPHS Delivery of Full Scows to IOT,normal hours,12:17:00.000000000,16:49:00.000000000,104,88.111,3.5,308.3885
Tue,2024-07-23,IOT,IPHS Delivery of Full Scows to IOT,normal hours,09:09:00.000000000,14:13:00.000000000,76,53.543,3.5,187.4005
Wed,2024-07-24,IOT,IPHS Delivery of Full Scows to IOT,normal hours,10:20:00.000000000,17:05:00.000000000,129,105.893,3.5,370.6255
Thu,2024-07-25,IOT,IPHS Delivery of Full Scows to IOT,normal hours,09:35:00.000000000,15:35:00.000000000,76,73.044,3.5,255.654
Fri,2024-07-26,IOT,IPHS Delivery of Full Scows to IOT,normal hours,10:00:00.000000000,16:30:00.000000000,92,77.694,3.5,271.92900000000003
Mon,2024-07-29,IOT,IPHS Delivery of Full Scows to IOT,normal hours,10:10:00.000000000,16:25:00.000000000,132,118.955,3.5,416.3425
Wed,2024-07-31,IOT,IPHS Delivery of Full Scows to IOT,normal hours,10:00:00.000000000,16:05:00.000000000,104,81.2,3.5,284.2
Thu,2024-08-01,IOT,IPHS Delivery of Full Scows to IOT,normal hours,10:15:00.000000000,16:50:00.000000000,130,125.16,3.5,438.06
Fri,2024-08-02,IOT,IPHS Delivery of Full Scows to IOT,normal hours,10:25:00.000000000,16:55:00.000000000,130,118.095,3.5,413.3325
Sun,2024-08-04,IOT,IPHS Delivery of Full Scows to IOT,overtime 200%,16:10:00.000000000,16:20:00.000000000,26,24.07900047302246,3.5,168.55300331115723
Sun,2024-08-04,IOT,IPHS Delivery of Full Scows to IOT,overtime 150%,09:40:00.000000000,15:25:00.000000000,156,144.47399952697754,3.5,758.488497516632
Mon,2024-08-05,IOT,IPHS Delivery of Full Scows to IOT,normal hours,09:59:00.000000000,16:46:00.000000000,142,127.412,3.5,445.942
Tue,2024-08-06,IOT,IPHS Delivery of Full Scows to IOT,normal hours,08:56:00.000000000,16:48:00.000000000,132,100.8,3.5,352.8
Thu,2024-08-08,IOT,IPHS Delivery of Full Scows to IOT,normal hours,09:49:00.000000000,16:27:00.000000000,134,113.28,3.5,396.48
Fri,2024-08-09,IOT,IPHS Delivery of Full Scows to IOT,normal hours,09:37:00.000000000,16:30:00.000000000,134,117.665,3.5,411.82750000000004
Mon,2024-08-12,IOT,IPHS Delivery of Full Scows to IOT,normal hours,10:07:00.000000000,16:51:00.000000000,116,94.154,3.5,329.539
Wed,2024-08-14,IOT,IPHS Delivery of Full Scows to IOT,normal hours,08:30:00.000000000,16:10:00.000000000,126,116.65,3.5,408.27500000000003
Sun,2024-08-18,IOT,IPHS Delivery of Full Scows to IOT,overtime 150%,08:45:00.000000000,13:30:00.000000000,84,71.466,3.5,375.19649999999996
Mon,2024-08-19,IOT,IPHS Delivery of Full Scows to IOT,normal hours,08:45:00.000000000,15:35:00.000000000,112,99.151,3.5,347.0285
Mon,2024-08-26,IOT,IPHS Delivery of Full Scows to IOT,normal hours,09:40:00.000000000,12:55:00.000000000,56,35.499,3.5,124.24650000000001
Mon,2024-09-02,IOT,IPHS Delivery of Full Scows to IOT,normal hours,09:40:00.000000000,16:40:00.000000000,156,120.544,3.5,421.904
Tue,2024-09-03,IOT,IPHS Delivery of Full Scows to IOT,normal hours,09:20:00.000000000,15:34:00.000000000,129,114.696,3.5,401.436
Wed,2024-09-04,IOT,IPHS Delivery of Full Scows to IOT,normal hours,09:59:00.000000000,16:03:00.000000000,108,108.338,3.5,379.183
Fri,2024-09-06,IOT,IPHS Delivery of Full Scows to IOT,normal hours,09:38:00.000000000,15:41:00.000000000,91,72.458,3.5,253.603
Tue,2024-09-10,IOT,IPHS Delivery of Full Scows to IOT,normal hours,10:00:00.000000000,16:59:00.000000000,156,139.928,3.5,489.748
Wed,2024-09-11,IOT,IPHS Delivery of Full Scows to IOT,normal hours,09:37:00.000000000,15:53:00.000000000,156,146.396,3.5,512.386
Thu,2024-09-12,IOT,IPHS Delivery of Full Scows to IOT,normal hours,09:50:00.000000000,14:00:00.000000000,68,57.269,3.5,200.4415
Fri,2024-09-13,IOT,IPHS Delivery of Full Scows to IOT,normal hours,09:50:00.000000000,12:15:00.000000000,78,60.101,3.5,210.3535
Sun,2024-09-15,IOT,IPHS Delivery of Full Scows to IOT,overtime 150%,09:55:00.000000000,14:20:00.000000000,130,110.988,3.5,582.687
Mon,2024-09-16,IOT,IPHS Delivery of Full Scows to IOT,normal hours,09:32:00.000000000,16:02:00.000000000,158,111.477,3.5,390.1695
Tue,2024-09-17,IOT,IPHS Delivery of Full Scows to IOT,normal hours,09:04:00.000000000,14:30:00.000000000,84,72.105,3.5,252.3675
Wed,2024-09-18,IOT,IPHS Delivery of Full Scows to IOT,normal hours,09:16:00.000000000,16:18:00.000000000,98,81.012,3.5,283.54200000000003
Thu,2024-09-19,IOT,IPHS Delivery of Full Scows to IOT,normal hours,08:50:00.000000000,16:14:00.000000000,148,126.633,3.5,443.21549999999996
Fri,2024-09-20,IOT,IPHS Delivery of Full Scows to IOT,normal hours,09:55:00.000000000,16:25:00.000000000,170,137.001,3.5,479.50350000000003
Mon,2024-09-23,IOT,IPHS Delivery of Full Scows to IOT,normal hours,09:45:00.000000000,16:50:00.000000000,179,156.561,3.5,547.9635000000001
Thu,2024-09-26,IOT,IPHS Delivery of Full Scows to IOT,normal hours,09:35:00.000000000,17:00:00.000000000,182,156.802,3.5,548.807
Fri,2024-09-27,IOT,IPHS Delivery of Full Scows to IOT,normal hours,09:45:00.000000000,15:50:00.000000000,130,82.057,3.5,287.1995
Wed,2024-10-02,IOT,IPHS Delivery of Full Scows to IOT,normal hours,09:36:00.000000000,12:57:00.000000000,61,41.602,3.5,145.607
Thu,2024-10-03,IOT,IPHS Delivery of Full Scows to IOT,normal hours,09:21:00.000000000,15:31:00.000000000,104,79.847,3.5,279.4645
Fri,2024-10-04,IOT,IPHS Delivery of Full Scows to IOT,normal hours,10:13:00.000000000,16:51:00.000000000,125,111.456,3.5,390.096
Mon,2024-10-07,IOT,IPHS Delivery of Full Scows to IOT,normal hours,09:10:00.000000000,16:40:00.000000000,146,123.60799949645997,3.5,432.62799823760986
Mon,2024-10-07,IOT,IPHS Delivery of Full Scows to IOT,overtime 150%,17:01:00.000000000,17:10:00.000000000,22,20.32200050354004,3.5,106.6905026435852
Tue,2024-10-08,IOT,IPHS Delivery of Full Scows to IOT,overtime 150%,17:10:00.000000000,17:20:00.000000000,14,12.557999610900879,3.5,65.92949795722961
Tue,2024-10-08,IOT,IPHS Delivery of Full Scows to IOT,normal hours,09:50:00.000000000,16:40:00.000000000,156,139.92600038909913,3.5,489.74100136184694
Wed,2024-10-09,IOT,IPHS Delivery of Full Scows to IOT,normal hours,09:30:00.000000000,12:30:00.000000000,104,88.647,3.5,310.2645
Thu,2024-10-10,IOT,IPHS Delivery of Full Scows to IOT,normal hours,09:49:00.000000000,16:44:00.000000000,132,107.894,3.5,377.629
Fri,2024-10-11,IOT,IPHS Delivery of Full Scows to IOT,normal hours,10:20:00.000000000,16:55:00.000000000,132,113.563,3.5,397.4705
Sun,2024-10-13,IOT,IPHS Delivery of Full Scows to IOT,overtime 150%,09:20:00.000000000,15:38:00.000000000,146,124.5079998703003,3.5,653.6669993190766
Sun,2024-10-13,IOT,IPHS Delivery of Full Scows to IOT,overtime 200%,16:04:00.000000000,16:09:00.000000000,14,11.939000129699707,3.5,83.57300090789795
Mon,2024-10-14,IOT,IPHS Delivery of Full Scows to IOT,normal hours,09:57:00.000000000,16:52:00.000000000,120,108.644,3.5,380.254
Tue,2024-10-15,IOT,IPHS Delivery of Full Scows to IOT,normal hours,09:48:00.000000000,16:41:00.000000000,169,146.281,3.5,511.98350000000005
Wed,2024-10-16,IOT,IPHS Delivery of Full Scows to IOT,normal hours,09:03:00.000000000,16:35:00.000000000,148,103.363,3.5,361.77049999999997
Fri,2024-10-18,IOT,IPHS Delivery of Full Scows to IOT,normal hours,09:15:00.000000000,15:25:00.000000000,110,85.037,3.5,297.6295
Mon,2024-10-21,IOT,IPHS Delivery of Full Scows to IOT,normal hours,09:10:00.000000000,16:20:00.000000000,124,88.884,3.5,311.094
Tue,2024-10-22,IOT,IPHS Delivery of Full Scows to IOT,normal hours,10:10:00.000000000,16:40:00.000000000,156,131.199,3.5,459.1965
Wed,2024-10-23,IOT,IPHS Delivery of Full Scows to IOT,normal hours,09:35:00.000000000,14:10:00.000000000,104,85.761,3.5,300.1635
Thu,2024-10-24,IOT,IPHS Delivery of Full Scows to IOT,normal hours,10:25:00.000000000,14:35:00.000000000,104,99.458,3.5,348.103
Sun,2024-10-27,IOT,IPHS Delivery of Full Scows to IOT,overtime 150%,09:55:00.000000000,15:45:00.000000000,146,116.894,3.5,613.6935000000001
Mon,2024-10-28,IOT,IPHS Delivery of Full Scows to IOT,overtime 150%,17:30:00.000000000,19:02:00.000000000,53,15.942000389099121,3.5,83.69550204277039
Mon,2024-10-28,IOT,IPHS Delivery of Full Scows to IOT,normal hours,10:22:00.000000000,16:35:00.000000000,132,107.23299961090088,3.5,375.3154986381531
Tue,2024-10-29,IOT,IPHS Delivery of Full Scows to IOT,overtime 150%,17:20:00.000000000,18:00:00.000000000,28,22.54199981689453,3.5,118.34549903869629
Tue,2024-10-29,IOT,IPHS Delivery of Full Scows to IOT,normal hours,09:20:00.000000000,16:48:00.000000000,166,121.21500018310547,3.5,424.25250064086913
Wed,2024-10-30,IOT,IPHS Delivery of Full Scows to IOT,overtime 150%,17:12:00.000000000,17:20:00.000000000,14,0.0,3.5,0.0
Wed,2024-10-30,IOT,IPHS Delivery of Full Scows to IOT,normal hours,09:11:00.000000000,16:37:00.000000000,127,104.197,3.5,364.6895
Mon,2024-11-04,IOT,IPHS Delivery of Full Scows to IOT,normal hours,09:45:00.000000000,17:00:00.000000000,108,67.45800022888183,3.5,236.1030008010864
Mon,2024-11-04,IOT,IPHS Delivery of Full Scows to IOT,overtime 150%,17:50:00.000000000,18:00:00.000000000,26,16.239999771118164,3.5,85.25999879837036
Tue,2024-11-05,IOT,IPHS Delivery of Full Scows to IOT,overtime 150%,17:25:00.000000000,18:35:00.000000000,52,34.47999954223633,3.5,181.01999759674072
Tue,2024-11-05,IOT,IPHS Delivery of Full Scows to IOT,normal hours,10:10:00.000000000,16:25:00.000000000,130,86.19900045776367,3.5,301.6965016021729
Wed,2024-11-06,IOT,IPHS Delivery of Full Scows to IOT,normal hours,08:50:00.000000000,17:10:00.000000000,154,101.159,3.5,354.0565
Thu,2024-11-07,IOT,IPHS Delivery of Full Scows to IOT,normal hours,09:00:00.000000000,17:00:00.000000000,158,114.05599956512451,3.5,399.1959984779358
Thu,2024-11-07,IOT,IPHS Delivery of Full Scows to IOT,overtime 150%,17:35:00.000000000,17:45:00.000000000,18,12.994000434875488,3.5,68.21850228309631
Fri,2024-11-08,IOT,IPHS Delivery of Full Scows to IOT,normal hours,10:05:00.000000000,13:15:00.000000000,72,50.664,3.5,177.324
Mon,2024-11-11,IOT,IPHS Delivery of Full Scows to IOT,overtime 150%,17:45:00.000000000,17:55:00.000000000,8,17.00200080871582,3.5,89.26050424575806
Mon,2024-11-11,IOT,IPHS Delivery of Full Scows to IOT,normal hours,09:50:00.000000000,17:10:00.000000000,128,88.10099919128417,3.5,308.35349716949463
Tue,2024-11-12,IOT,IPHS Delivery of Full Scows to IOT,normal hours,09:09:00.000000000,16:41:00.000000000,169,141.31399906921388,3.5,494.5989967422486
Tue,2024-11-12,IOT,IPHS Delivery of Full Scows to IOT,overtime 150%,17:35:00.000000000,17:42:00.000000000,20,16.724000930786133,3.5,87.8010048866272
Wed,2024-11-13,IOT,IPHS Delivery of Full Scows to IOT,overtime 150%,17:32:00.000000000,17:40:00.000000000,14,12.751999855041504,3.5,66.9479992389679
Wed,2024-11-13,IOT,IPHS Delivery of Full Scows to IOT,normal hours,09:10:00.000000000,16:53:00.000000000,141,121.13900014495849,3.5,423.9865005073547
Thu,2024-11-14,IOT,IPHS Delivery of Full Scows to IOT,overtime 150%,17:56:00.000000000,18:06:00.000000000,26,22.43899917602539,3.5,117.8047456741333
Thu,2024-11-14,IOT,IPHS Delivery of Full Scows to IOT,normal hours,09:05:00.000000000,16:50:00.000000000,143,123.41200082397461,3.5,431.94200288391113
Fri,2024-11-15,IOT,IPHS Delivery of Full Scows to IOT,normal hours,08:53:00.000000000,15:06:00.000000000,127,111.163,3.5,389.0705
Mon,2024-11-18,IOT,IPHS Delivery of Full Scows to IOT,normal hours,09:40:00.000000000,15:25:00.000000000,148,138.42199978637694,3.5,484.4769992523193
Mon,2024-11-18,IOT,IPHS Delivery of Full Scows to IOT,overtime 150%,17:10:00.000000000,17:20:00.000000000,22,20.576000213623047,3.5,108.024001121521
Tue,2024-11-19,IOT,IPHS Delivery of Full Scows to IOT,overtime 150%,17:30:00.000000000,18:20:00.000000000,43,39.82899856567383,3.5,209.1022424697876
Tue,2024-11-19,IOT,IPHS Delivery of Full Scows to IOT,normal hours,10:00:00.000000000,16:55:00.000000000,170,155.94700143432618,3.5,545.8145050201416
Wed,2024-11-20,IOT,IPHS Delivery of Full Scows to IOT,normal hours,08:50:00.000000000,16:46:00.000000000,177,158.15399964904785,3.5,553.5389987716675
Wed,2024-11-20,IOT,IPHS Delivery of Full Scows to IOT,overtime 150%,17:25:00.000000000,17:30:00.000000000,26,23.23200035095215,3.5,121.96800184249878
Thu,2024-11-21,IOT,IPHS Delivery of Full Scows to IOT,overtime 150%,17:45:00.000000000,18:40:00.000000000,52,46.4739990234375,3.5,243.98849487304688
Thu,2024-11-21,IOT,IPHS Delivery of Full Scows to IOT,normal hours,09:40:00.000000000,16:50:00.000000000,210,187.6810009765625,3.5,656.8835034179688
Fri,2024-11-22,IOT,IPHS Delivery of Full Scows to IOT,normal hours,08:40:00.000000000,16:25:00.000000000,210,167.06899868774414,3.5,584.7414954071045
Fri,2024-11-22,IOT,IPHS Delivery of Full Scows to IOT,overtime 150%,17:25:00.000000000,18:35:00.000000000,46,40.57400131225586,3.5,213.01350688934326
Sat,2024-11-23,IOT,IPHS Delivery of Full Scows to IOT,normal hours,09:50:00.000000000,16:40:00.000000000,160,120.593,3.5,422.07550000000003
Sun,2024-11-24,IOT,IPHS Delivery of Full Scows to IOT,overtime 150%,08:35:00.000000000,15:35:00.000000000,206,128.598,3.5,675.1395000000001
Mon,2024-11-25,IOT,IPHS Delivery of Full Scows to IOT,normal hours,08:40:00.000000000,16:50:00.000000000,190,122.02800019836425,3.5,427.0980006942749
Mon,2024-11-25,IOT,IPHS Delivery of Full Scows to IOT,overtime 150%,17:10:00.000000000,17:50:00.000000000,28,17.982999801635742,3.5,94.41074895858765
Tue,2024-11-26,IOT,IPHS Delivery of Full Scows to IOT,normal hours,08:54:00.000000000,17:00:00.000000000,160,141.32,3.5,494.62
Wed,2024-11-27,IOT,IPHS Delivery of Full Scows to IOT,normal hours,09:01:00.000000000,16:05:00.000000000,156,120.87900073242187,3.5,423.07650256347654
Wed,2024-11-27,IOT,IPHS Delivery of Full Scows to IOT,overtime 150%,17:14:00.000000000,18:12:00.000000000,52,40.292999267578125,3.5,211.53824615478516
Thu,2024-11-28,IOT,IPHS Delivery of Full Scows to IOT,overtime 150%,17:18:00.000000000,18:35:00.000000000,78,66.91300201416016,3.5,351.2932605743408
Thu,2024-11-28,IOT,IPHS Delivery of Full Scows to IOT,normal hours,09:00:00.000000000,15:14:00.000000000,156,133.82499798583984,3.5,468.3874929504394
Fri,2024-11-29,IOT,IPHS Delivery of Full Scows to IOT,overtime 150%,17:07:00.000000000,17:17:00.000000000,26,0.0,3.5,0.0
Fri,2024-11-29,IOT,IPHS Delivery of Full Scows to IOT,normal hours,09:15:00.000000000,16:35:00.000000000,182,137.437,3.5,481.02950000000004
Sat,2024-11-30,IOT,IPHS Delivery of Full Scows to IOT,normal hours,08:54:00.000000000,16:20:00.000000000,260,172.236,3.5,602.826
Sun,2024-12-01,IOT,IPHS Delivery of Full Scows to IOT,overtime 150%,09:00:00.000000000,15:59:00.000000000,260,173.232,3.5,909.4680000000001
Mon,2024-12-02,IOT,IPHS Delivery of Full Scows to IOT,normal hours,09:15:00.000000000,17:05:00.000000000,182,137.48999925231934,3.5,481.2149973831177
Mon,2024-12-02,IOT,IPHS Delivery of Full Scows to IOT,overtime 150%,17:45:00.000000000,17:55:00.000000000,26,19.641000747680664,3.5,103.11525392532349
Tue,2024-12-03,IOT,IPHS Delivery of Full Scows to IOT,overtime 150%,17:50:00.000000000,18:00:00.000000000,26,22.634000778198242,3.5,118.82850408554077
Tue,2024-12-03,IOT,IPHS Delivery of Full Scows to IOT,normal hours,09:00:00.000000000,16:55:00.000000000,182,152.35199922180175,3.5,533.2319972763062
Wed,2024-12-04,IOT,IPHS Delivery of Full Scows to IOT,normal hours,10:20:00.000000000,16:40:00.000000000,104,91.13499932861328,3.5,318.97249765014647
Wed,2024-12-04,IOT,IPHS Delivery of Full Scows to IOT,overtime 150%,18:45:00.000000000,18:55:00.000000000,26,25.34600067138672,3.5,133.06650352478027
Thu,2024-12-05,IOT,IPHS Delivery of Full Scows to IOT,overtime 150%,17:35:00.000000000,17:45:00.000000000,15,12.015999794006348,3.5,63.083998918533325
Thu,2024-12-05,IOT,IPHS Delivery of Full Scows to IOT,normal hours,11:10:00.000000000,17:00:00.000000000,116,92.92000020599366,3.5,325.2200007209778
Fri,2024-12-06,IOT,IPHS Delivery of Full Scows to IOT,overtime 150%,17:35:00.000000000,17:40:00.000000000,14,11.722999572753906,3.5,61.54574775695801
Fri,2024-12-06,IOT,IPHS Delivery of Full Scows to IOT,normal hours,09:20:00.000000000,16:55:00.000000000,182,152.3950004272461,3.5,533.3825014953613
Wed,2024-12-11,IOT,IPHS Delivery of Full Scows to IOT,normal hours,09:55:00.000000000,14:23:00.000000000,92,79.892,3.5,279.62199999999996
Wed,2024-12-18,IOT,IPHS Delivery of Full Scows to IOT,normal hours,14:35:00.000000000,15:30:00.000000000,34,34.802,3.5,121.807
Thu,2025-01-09,IOT,IPHS Delivery of Full Scows to IOT,normal hours,10:01:00.000000000,16:53:00.000000000,130,123.198,3.5,431.193
Fri,2025-01-10,IOT,IPHS Delivery of Full Scows to IOT,normal hours,08:44:00.000000000,17:00:00.000000000,191,178.088,3.5,623.308
Sat,2025-01-11,IOT,IPHS Delivery of Full Scows to IOT,normal hours,09:10:00.000000000,16:40:00.000000000,171,178.391,3.5,624.3684999999999
Mon,2025-01-13,IOT,IPHS Delivery of Full Scows to IOT,normal hours,10:10:00.000000000,11:40:00.000000000,43,44.741,3.5,156.5935
Fri,2025-01-24,IOT,IPHS Delivery of Full Scows to IOT,normal hours,09:00:00.000000000,16:55:00.000000000,208,137.663,3.5,481.82050000000004
Mon,2025-01-27,IOT,IPHS Delivery of Full Scows to IOT,normal hours,09:50:00.000000000,12:25:00.000000000,78,56.765,3.5,198.6775
Tue,2025-01-28,IOT,IPHS Delivery of Full Scows to IOT,normal hours,09:16:00.000000000,10:30:00.000000000,35,22.502,3.5,78.75699999999999
Tue,2025-02-04,IOT,IPHS Delivery of Full Scows to IOT,normal hours,09:55:00.000000000,15:10:00.000000000,104,100.061,3.5,350.2135
Wed,2025-02-05,IOT,IPHS Delivery of Full Scows to IOT,normal hours,10:15:00.000000000,15:15:00.000000000,85,82.141,3.5,287.49350000000004
Fri,2025-02-14,IOT,IPHS Delivery of Full Scows to IOT,normal hours,10:10:00.000000000,14:50:00.000000000,78,57.949,3.5,202.8215
Mon,2025-02-17,IOT,IPHS Delivery of Full Scows to IOT,normal hours,09:35:00.000000000,12:00:00.000000000,78,65.721,3.5,230.0235
Tue,2025-02-18,IOT,IPHS Delivery of Full Scows to IOT,normal hours,14:15:00.000000000,15:45:00.000000000,52,81.788,3.5,286.258
Tue,2025-02-18,IOT,IPHS Delivery of Full Scows to IOT,normal hours,14:15:00.000000000,15:45:00.000000000,52,1.525878801089675e-8,3.5,5.340575803813863e-8
Tue,2025-02-18,IOT,IPHS Delivery of Full Scows to IOT,overtime 150%,17:05:00.000000000,17:15:00.000000000,26,0.0,3.5,0.0
Tue,2025-02-18,IOT,IPHS Delivery of Full Scows to IOT,overtime 150%,17:05:00.000000000,17:15:00.000000000,26,17.81599998474121,3.5,93.53399991989136
Thu,2025-02-27,IOT,IPHS Delivery of Full Scows to IOT,normal hours,13:30:00.000000000,13:40:00.000000000,6,5.672,3.5,19.852
Thu,2025-03-06,SAPMER,IPHS Collection of Full Scows from IOT,normal hours,11:15:00.000000000,16:10:00.000000000,66,41.13900038146973,3.5,143.98650133514406
Fri,2025-03-07,SAPMER,IPHS Collection of Full Scows from IOT,normal hours,13:55:00.000000000,14:05:00.000000000,26,20.475,3.5,71.66250000000001
Mon,2025-04-14,IOT,IPHS Delivery of Full Scows to IOT,normal hours,10:30:00.000000000,16:20:00.000000000,125,14.017,3.5,49.0595
Mon,2025-04-14,IOT,IPHS Delivery of Full Scows to IOT,normal hours,10:30:00.000000000,16:20:00.000000000,125,108.767,3.5,380.68449999999996
Wed,2025-04-16,IOT,IPHS Delivery of Full Scows to IOT,normal hours,08:40:00.000000000,08:50:00.000000000,15,14.573,3.5,51.0055
