vessel,day_name,date,start_time,container_number,end_time,overtime,total_tonnage,storage,Price,total_price
DOLOMIEU,Mon,2025-01-06,09:35:00.000000000,TRIU8864476,11:13:00.000000000,normal hours,26.95,Dry,25.5,687.225
DOLOMIEU,Mon,2025-01-06,11:20:00.000000000,TTNU8193049,13:00:00.000000000,normal hours,26.99,Dry,25.5,688.245
DOLOMIEU,Mon,2025-01-06,13:08:00.000000000,TTNU8194786,15:23:00.000000000,normal hours,26.83,Dry,25.5,684.165
DOLOMIEU,Mon,2025-01-06,15:42:00.000000000,TTNU8203105,16:59:00.000000000,normal hours,23.45,Dry,25.5,597.975
DOLOMIEU,Tue,2025-01-07,08:18:00.000000000,TTNU8203105,08:28:00.000000000,normal hours,3.45,Dry,25.5,87.97500000000001
DOLOMIEU,Tue,2025-01-07,08:44:00.000000000,TTNU8374957,11:24:00.000000000,normal hours,27.1,Dry,25.5,691.0500000000001
DOLOMIEU,Tue,2025-01-07,11:41:00.000000000,TTNU8204420,12:32:00.000000000,normal hours,11.85,Dry,25.5,302.175
DOLOMIEU,Tue,2025-01-07,11:51:00.000000000,TCLU1221339,12:38:00.000000000,normal hours,13.05,Dry,25.5,332.77500000000003
JAI ALAI,Fri,2025-01-24,10:11:00.000000000,TRIU8030072,11:20:00.000000000,normal hours,26.86,Brine,25.5,684.93
JAI ALAI,Fri,2025-01-24,10:57:00.000000000,TTNU8203614,12:27:00.000000000,normal hours,26.63,Brine,25.5,679.0649999999999
JAI ALAI,Fri,2025-01-24,12:04:00.000000000,TCLU1222417,14:42:00.000000000,normal hours,26.59,Brine,25.5,678.045
JAI ALAI,Fri,2025-01-24,12:49:00.000000000,TRIU8880815,14:40:00.000000000,normal hours,26.52,Brine,25.5,676.26
JAI ALAI,Fri,2025-01-24,14:51:00.000000000,TTNU8204966,16:52:00.000000000,normal hours,26.51,Brine,25.5,676.005
JAI ALAI,Fri,2025-01-24,15:00:00.000000000,TTNU8058692,16:59:00.000000000,normal hours,11.29,Brine,25.5,287.895
JAI ALAI,Sat,2025-01-25,08:42:00.000000000,TTNU8058692,09:14:00.000000000,normal hours,15.5,Brine,25.5,395.25
JAI ALAI,Sat,2025-01-25,09:21:00.000000000,TTNU8374957,11:00:00.000000000,normal hours,26.94,Brine,25.5,686.97
JAI ALAI,Sat,2025-01-25,11:19:00.000000000,TTNU8203830,13:13:00.000000000,normal hours,26.99,Brine,25.5,688.245
JAI ALAI,Sat,2025-01-25,13:33:00.000000000,TTNU8203825,15:52:00.000000000,normal hours,26.69,Brine,25.5,680.595
JAI ALAI,Sat,2025-01-25,16:02:00.000000000,TTNU8204610,16:57:00.000000000,normal hours,16.45,Brine,25.5,419.47499999999997
JAI ALAI,Sun,2025-01-26,08:21:00.000000000,TTNU8204610,08:44:00.000000000,overtime 150%,11.64,Brine,25.5,445.23
JAI ALAI,Sun,2025-01-26,08:52:00.000000000,TTNU8203086,10:17:00.000000000,overtime 150%,26.62,Brine,25.5,1018.2150000000001
JAI ALAI,Sun,2025-01-26,10:30:00.000000000,TCLU1228570,11:53:00.000000000,overtime 150%,26.55,Brine,25.5,1015.5374999999999
JAI ALAI,Sun,2025-01-26,12:01:00.000000000,TRIU8980882,13:47:00.000000000,overtime 150%,26.77,Brine,25.5,1023.9525
JAI ALAI,Sun,2025-01-26,12:59:00.000000000,TTNU8204420,15:40:00.000000000,overtime 150%,25.8,Brine,25.5,986.8499999999999
JAI ALAI,Sun,2025-01-26,14:10:00.000000000,TTNU8203677,15:48:00.000000000,overtime 150%,15.11,Brine,25.5,577.9575
JAI ALAI,Mon,2025-01-27,08:21:00.000000000,TTNU8203677,08:50:00.000000000,normal hours,11.58,Brine,25.5,295.29
JAI ALAI,Mon,2025-01-27,09:08:00.000000000,TTNU8057021,11:06:00.000000000,normal hours,26.1,Brine,25.5,665.5500000000001
JAI ALAI,Mon,2025-01-27,11:15:00.000000000,TTNU8203548,14:15:00.000000000,normal hours,26.38,Brine,25.5,672.6899999999999
JAI ALAI,Mon,2025-01-27,14:36:00.000000000,TTNU8204061,16:33:00.000000000,normal hours,10.8,Brine,25.5,275.40000000000003
IZARO,Tue,2025-01-28,08:28:00.000000000,TTNU8203363,09:35:00.000000000,normal hours,26.42,Brine,25.5,673.71
IZARO,Tue,2025-01-28,08:32:00.000000000,TRIU8898265,09:39:00.000000000,normal hours,26.25,Brine,25.5,669.375
IZARO,Tue,2025-01-28,09:41:00.000000000,TRIU8030806,11:09:00.000000000,normal hours,26.32,Brine,25.5,671.16
IZARO,Tue,2025-01-28,09:57:00.000000000,TTNU8203445,11:39:00.000000000,normal hours,26.7,Brine,25.5,680.85
IZARO,Tue,2025-01-28,11:17:00.000000000,TCLU1265804,13:31:00.000000000,normal hours,26.97,Brine,25.5,687.735
IZARO,Tue,2025-01-28,12:00:00.000000000,TTNU8076079,13:47:00.000000000,normal hours,26.92,Brine,25.5,686.46
IZARO,Tue,2025-01-28,13:46:00.000000000,TTNU8203975,15:48:00.000000000,normal hours,26.51,Brine,25.5,676.005
IZARO,Tue,2025-01-28,14:17:00.000000000,TTNU8071858,16:53:00.000000000,normal hours,25.65,Brine,25.5,654.0749999999999
IZARO,Tue,2025-01-28,15:58:00.000000000,TTNU8192823,16:48:00.000000000,normal hours,14.73,Brine,25.5,375.615
IZARO,Wed,2025-01-29,10:12:00.000000000,TTNU8192823,13:49:00.000000000,normal hours,11.96,Brine,25.5,304.98
IZARO,Wed,2025-01-29,14:21:00.000000000,TCLU1218470,16:51:00.000000000,normal hours,8.27,Brine,25.5,210.885
IZARO,Thu,2025-01-30,10:25:00.000000000,TCLU1218470,12:17:00.000000000,normal hours,19.05,Brine,25.5,485.77500000000003
IZARO,Thu,2025-01-30,12:25:00.000000000,TTNU8192042,14:29:00.000000000,normal hours,27.09,Brine,25.5,690.795
IZARO,Thu,2025-01-30,14:44:00.000000000,TTNU8203358,16:49:00.000000000,normal hours,22.21,Brine,25.5,566.355
PLAYA DE AZKORRI,Thu,2025-01-30,10:44:00.000000000,TTNU8203527,12:05:00.000000000,normal hours,26.88,Brine,25.5,685.4399999999999
PLAYA DE AZKORRI,Thu,2025-01-30,12:20:00.000000000,TTNU8281643,15:20:00.000000000,normal hours,11.3,Brine,25.5,288.15000000000003
PLAYA DE AZKORRI,Thu,2025-01-30,12:26:00.000000000,TCLU1215531,13:32:00.000000000,normal hours,26.98,Brine,25.5,687.99
PLAYA DE AZKORRI,Thu,2025-01-30,13:50:00.000000000,TTNU8192612,14:59:00.000000000,normal hours,26.85,Brine,25.5,684.6750000000001
PLAYA DE AZKORRI,Thu,2025-01-30,14:49:00.000000000,TCLU1263735,16:11:00.000000000,normal hours,26.86,Brine,25.5,684.93
PLAYA DE AZKORRI,Thu,2025-01-30,15:22:00.000000000,TTNU8203960,16:51:00.000000000,normal hours,25.5,Brine,25.5,650.25
PLAYA DE AZKORRI,Thu,2025-01-30,16:27:00.000000000,TTNU8203738,16:55:00.000000000,normal hours,12.46,Brine,25.5,317.73
PLAYA DE AZKORRI,Thu,2025-01-30,17:03:00.000000000,TTNU8203738,17:45:00.000000000,overtime 150%,14.55,Brine,25.5,556.5375
PLAYA DE AZKORRI,Thu,2025-01-30,17:04:00.000000000,TTNU8203960,17:04:00.000000000,overtime 150%,1.51,Brine,25.5,57.75750000000001
PLAYA DE AZKORRI,Thu,2025-01-30,17:23:00.000000000,TTNU8193347,17:27:00.000000000,overtime 150%,3.05,Brine,25.5,116.6625
PLAYA DE AZKORRI,Thu,2025-01-30,17:34:00.000000000,TTNU8281643,17:56:00.000000000,overtime 150%,3.23,Brine,25.5,123.54749999999999
IZARO,Fri,2025-01-31,08:12:00.000000000,TTNU8203358,08:37:00.000000000,normal hours,5.69,Brine,25.5,145.095
IZARO,Fri,2025-01-31,09:15:00.000000000,TTNU8204903,11:19:00.000000000,normal hours,7.29,Brine,25.5,185.895
IZARO,Fri,2025-01-31,09:15:00.000000000,TTNU8204903,11:19:00.000000000,normal hours,7.29,Brine,25.5,185.895
PLAYA DE AZKORRI,Fri,2025-01-31,08:26:00.000000000,TTNU8193347,09:22:00.000000000,normal hours,23.99,Brine,25.5,611.745
PLAYA DE AZKORRI,Fri,2025-01-31,08:57:00.000000000,TTNU8203342,10:39:00.000000000,normal hours,24.21,Brine,25.5,617.355
PLAYA DE AZKORRI,Fri,2025-01-31,09:32:00.000000000,TTNU8194786,11:07:00.000000000,normal hours,27.03,Brine,25.5,689.265
PLAYA DE AZKORRI,Fri,2025-01-31,10:51:00.000000000,TRIU8898310,11:58:00.000000000,normal hours,26.93,Brine,25.5,686.715
PLAYA DE AZKORRI,Fri,2025-01-31,11:25:00.000000000,TCLU1264583,13:12:00.000000000,normal hours,26.97,Brine,25.5,687.735
PLAYA DE AZKORRI,Fri,2025-01-31,12:05:00.000000000,TTNU8281643,12:43:00.000000000,normal hours,14.66,Brine,25.5,373.83
PLAYA DE AZKORRI,Fri,2025-01-31,12:49:00.000000000,TTNU8204478,14:17:00.000000000,normal hours,26.97,Brine,25.5,687.735
PLAYA DE AZKORRI,Fri,2025-01-31,13:44:00.000000000,TRIU8031103,15:40:00.000000000,normal hours,27.02,Brine,25.5,689.01
PLAYA DE AZKORRI,Fri,2025-01-31,14:28:00.000000000,TCLU1221914,15:42:00.000000000,normal hours,27.01,Brine,25.5,688.755
PLAYA DE AZKORRI,Fri,2025-01-31,15:57:00.000000000,TRIU8864476,16:51:00.000000000,normal hours,9.3,Brine,25.5,237.15
PLAYA DE AZKORRI,Fri,2025-01-31,16:01:00.000000000,TRIU8033045,16:59:00.000000000,normal hours,22.61,Brine,25.5,576.555
PLAYA DE AZKORRI,Fri,2025-01-31,17:15:00.000000000,TRIU8033045,17:21:00.000000000,overtime 150%,4.41,Brine,25.5,168.6825
PLAYA DE AZKORRI,Fri,2025-01-31,17:23:00.000000000,TRIU8864476,17:48:00.000000000,overtime 150%,4.19,Brine,25.5,160.2675
PLAYA DE AZKORRI,Fri,2025-01-31,17:37:00.000000000,TCLU1221339,17:56:00.000000000,overtime 150%,6.14,Brine,25.5,234.855
PLAYA DE AZKORRI,Sat,2025-02-01,08:29:00.000000000,TCLU1221339,09:45:00.000000000,normal hours,20.87,Brine,25.5,532.1850000000001
PLAYA DE AZKORRI,Sat,2025-02-01,08:47:00.000000000,TRIU8864476,10:56:00.000000000,normal hours,5.12,Brine,25.5,130.56
PLAYA DE AZKORRI,Sat,2025-02-01,09:36:00.000000000,TTNU8203070,10:38:00.000000000,normal hours,27.02,Brine,25.5,689.01
PLAYA DE AZKORRI,Sat,2025-02-01,09:46:00.000000000,TTNU8034880,11:27:00.000000000,normal hours,18.41,Brine,25.5,469.455
PLAYA DE AZKORRI,Sat,2025-02-01,10:45:00.000000000,TTNU8204288,12:15:00.000000000,normal hours,15.44,Brine,25.5,393.71999999999997
EUSKADI ALAI,Fri,2025-02-14,08:39:00.000000000,TRIU8031103,12:25:00.000000000,normal hours,27.13,Brine,25.5,691.8149999999999
EUSKADI ALAI,Fri,2025-02-14,08:54:00.000000000,TCLU1218470,15:12:00.000000000,normal hours,26.87,Brine,25.5,685.1850000000001
EUSKADI ALAI,Fri,2025-02-14,13:18:00.000000000,TTNU8192042,16:47:00.000000000,normal hours,15.29,Brine,25.5,389.895
EUSKADI ALAI,Sat,2025-02-15,08:49:00.000000000,TTNU8202963,11:20:00.000000000,normal hours,26.93,Brine,25.5,686.715
EUSKADI ALAI,Sat,2025-02-15,11:33:00.000000000,TTNU8192042,12:45:00.000000000,normal hours,11.85,Brine,25.5,302.175
EUSKADI ALAI,Sat,2025-02-15,12:51:00.000000000,TTNU8203975,14:18:00.000000000,normal hours,27.22,Brine,25.5,694.11
EUSKADI ALAI,Sat,2025-02-15,14:24:00.000000000,TTNU8193347,16:00:00.000000000,normal hours,26.92,Brine,25.5,686.46
EUSKADI ALAI,Sat,2025-02-15,14:58:00.000000000,TTNU8192823,16:16:00.000000000,normal hours,27.25,Brine,25.5,694.875
EUSKADI ALAI,Sat,2025-02-15,16:19:00.000000000,TRIU8898265,16:43:00.000000000,normal hours,7.62,Brine,25.5,194.31
EUSKADI ALAI,Sat,2025-02-15,16:27:00.000000000,TTNU8339350,16:39:00.000000000,normal hours,8.22,Brine,25.5,209.61
EUSKADI ALAI,Sun,2025-02-16,08:19:00.000000000,TRIU8898265,09:23:00.000000000,overtime 150%,19.46,Brine,25.5,744.345
EUSKADI ALAI,Sun,2025-02-16,08:29:00.000000000,TTNU8339350,09:20:00.000000000,overtime 150%,18.93,Brine,25.5,724.0725
EUSKADI ALAI,Sun,2025-02-16,09:24:00.000000000,TCLU1265804,11:19:00.000000000,overtime 150%,27.0,Brine,25.5,1032.75
EUSKADI ALAI,Sun,2025-02-16,09:42:00.000000000,TTNU8204420,12:02:00.000000000,overtime 150%,26.94,Brine,25.5,1030.455
EUSKADI ALAI,Sun,2025-02-16,12:11:00.000000000,TCLU1216899,13:33:00.000000000,overtime 150%,26.68,Brine,25.5,1020.51
EUSKADI ALAI,Sun,2025-02-16,13:48:00.000000000,TTNU8203105,14:37:00.000000000,overtime 150%,26.97,Brine,25.5,1031.6025
EUSKADI ALAI,Sun,2025-02-16,14:45:00.000000000,TTNU8016059,15:58:00.000000000,overtime 150%,18.62,Brine,25.5,712.215
EUSKADI ALAI,Mon,2025-02-17,08:33:00.000000000,TTNU8016059,11:28:00.000000000,normal hours,8.23,Brine,25.5,209.865
EUSKADI ALAI,Mon,2025-02-17,12:11:00.000000000,TRIU8030806,14:02:00.000000000,normal hours,1.2,Brine,25.5,30.599999999999998
GALERNA DOS,Tue,2025-02-18,08:17:00.000000000,TRIU8980882,09:32:00.000000000,normal hours,27.07,Brine,25.5,690.285
GALERNA DOS,Tue,2025-02-18,09:47:00.000000000,TTNU8203548,10:25:00.000000000,normal hours,27.04,Brine,25.5,689.52
GALERNA DOS,Tue,2025-02-18,11:00:00.000000000,TTNU8203086,11:42:00.000000000,normal hours,26.96,Brine,25.5,687.48
GALERNA DOS,Tue,2025-02-18,11:58:00.000000000,TTNU8204204,13:06:00.000000000,normal hours,26.91,Brine,25.5,686.205
GALERNA DOS,Tue,2025-02-18,13:20:00.000000000,TCLU1264583,15:17:00.000000000,normal hours,26.97,Brine,25.5,687.735
GALERNA DOS,Tue,2025-02-18,15:21:00.000000000,TCLU1215531,16:54:00.000000000,normal hours,26.2,Brine,25.5,668.1
GALERNA DOS,Wed,2025-02-19,08:16:00.000000000,TTNU8057021,09:41:00.000000000,normal hours,27.02,Brine,25.5,689.01
GALERNA DOS,Wed,2025-02-19,09:33:00.000000000,TTNU8194786,11:31:00.000000000,normal hours,26.98,Brine,25.5,687.99
GALERNA DOS,Wed,2025-02-19,12:32:00.000000000,TTNU8192612,16:55:00.000000000,normal hours,22.18,Brine,25.5,565.59
GALERNA DOS,Thu,2025-02-20,08:27:00.000000000,TTNU8192612,10:21:00.000000000,normal hours,4.82,Brine,25.5,122.91000000000001
GALERNA DOS,Thu,2025-02-20,11:15:00.000000000,TTNU8071858,16:06:00.000000000,normal hours,26.43,Brine,25.5,673.965
GALERNA DOS,Thu,2025-02-20,17:10:00.000000000,TTNU8204420,17:51:00.000000000,overtime 150%,4.34,Brine,25.5,166.005
JAI ALAI,Thu,2025-02-20,11:56:00.000000000,TTNU8203358,13:30:00.000000000,normal hours,27.53,Brine,25.5,702.015
JAI ALAI,Thu,2025-02-20,12:11:00.000000000,TCLU1223305,15:54:00.000000000,normal hours,27.75,Brine,25.5,707.625
JAI ALAI,Thu,2025-02-20,13:45:00.000000000,TCLU1218470,15:32:00.000000000,normal hours,27.65,Brine,25.5,705.0749999999999
JAI ALAI,Thu,2025-02-20,15:38:00.000000000,TCLU1228570,16:21:00.000000000,normal hours,12.21,Brine,25.5,311.355
JAI ALAI,Thu,2025-02-20,16:16:00.000000000,TRIU8898265,16:19:00.000000000,normal hours,3.85,Brine,25.5,98.175
GALERNA DOS,Fri,2025-02-21,08:39:00.000000000,TTNU8204420,08:39:00.000000000,normal hours,2.22,Brine,25.5,56.61000000000001
GALERNA DOS,Fri,2025-02-21,17:44:00.000000000,TTNU8204420,17:44:00.000000000,overtime 150%,1.21,Brine,25.5,46.2825
JAI ALAI,Fri,2025-02-21,08:15:00.000000000,TCLU1228570,08:58:00.000000000,normal hours,15.3,Brine,25.5,390.15000000000003
JAI ALAI,Fri,2025-02-21,08:19:00.000000000,TRIU8898265,13:00:00.000000000,normal hours,23.62,Brine,25.5,602.3100000000001
JAI ALAI,Fri,2025-02-21,09:09:00.000000000,TCLU1222417,12:16:00.000000000,normal hours,27.42,Brine,25.5,699.21
JAI ALAI,Fri,2025-02-21,13:12:00.000000000,TTNU8193347,16:44:00.000000000,normal hours,27.49,Brine,25.5,700.995
GALERNA DOS,Sat,2025-02-22,09:31:00.000000000,TTNU8204420,13:22:00.000000000,normal hours,18.97,Brine,25.5,483.73499999999996
GALERNA DOS,Sat,2025-02-22,13:40:00.000000000,TTNU8203363,14:56:00.000000000,normal hours,11.25,Brine,25.5,286.875
JAI ALAI,Sat,2025-02-22,08:24:00.000000000,TTNU8016059,12:27:00.000000000,normal hours,6.58,Brine,25.5,167.79
GALERNA DOS,Sun,2025-02-23,08:17:00.000000000,TTNU8203363,08:17:00.000000000,overtime 150%,0.91,Brine,25.5,34.807500000000005
JAI ALAI,Mon,2025-02-24,10:03:00.000000000,TTNU8016059,10:05:00.000000000,normal hours,0.53,Brine,25.5,13.515
TORRE ITALIA,Mon,2025-02-24,08:10:00.000000000,TTNU8203110,09:17:00.000000000,normal hours,27.09,Brine,25.5,690.795
TORRE ITALIA,Mon,2025-02-24,08:34:00.000000000,TTNU8202813,15:27:00.000000000,normal hours,26.97,Brine,25.5,687.735
TORRE ITALIA,Mon,2025-02-24,09:26:00.000000000,TLLU1033622,10:51:00.000000000,normal hours,26.99,Brine,25.5,688.245
TORRE ITALIA,Mon,2025-02-24,10:49:00.000000000,TLLU1033936,16:22:00.000000000,normal hours,27.0,Brine,25.5,688.5
TORRE ITALIA,Mon,2025-02-24,11:13:00.000000000,TLLU1030691,12:57:00.000000000,normal hours,27.26,Brine,25.5,695.13
TORRE ITALIA,Mon,2025-02-24,13:10:00.000000000,TLLU1033643,14:25:00.000000000,normal hours,26.96,Brine,25.5,687.48
TORRE ITALIA,Mon,2025-02-24,14:35:00.000000000,TLLU1040431,16:54:00.000000000,normal hours,20.57,Brine,25.5,524.535
TORRE ITALIA,Mon,2025-02-24,16:08:00.000000000,TRIU8033045,16:47:00.000000000,normal hours,10.23,Brine,25.5,260.865
TORRE ITALIA,Tue,2025-02-25,08:15:00.000000000,TLLU1040431,08:30:00.000000000,normal hours,6.41,Brine,25.5,163.455
TORRE ITALIA,Tue,2025-02-25,08:16:00.000000000,TRIU8033045,10:20:00.000000000,normal hours,16.74,Brine,25.5,426.86999999999995
TORRE ITALIA,Tue,2025-02-25,08:36:00.000000000,TLLU1033854,09:30:00.000000000,normal hours,26.95,Brine,25.5,687.225
TORRE ITALIA,Tue,2025-02-25,09:33:00.000000000,TLLU1034465,11:42:00.000000000,normal hours,26.91,Brine,25.5,686.205
TORRE ITALIA,Tue,2025-02-25,10:31:00.000000000,TTNU8034880,12:04:00.000000000,normal hours,27.0,Brine,25.5,688.5
TORRE ITALIA,Tue,2025-02-25,11:49:00.000000000,TLLU1034660,13:05:00.000000000,normal hours,26.95,Brine,25.5,687.225
TORRE ITALIA,Tue,2025-02-25,12:38:00.000000000,TLLU1030562,16:34:00.000000000,normal hours,26.36,Brine,25.5,672.18
TORRE ITALIA,Tue,2025-02-25,13:05:00.000000000,TLLU1030120,14:17:00.000000000,normal hours,27.03,Brine,25.5,689.265
TORRE ITALIA,Tue,2025-02-25,14:28:00.000000000,TTNU8281643,16:09:00.000000000,normal hours,16.2,Brine,25.5,413.09999999999997
TORRE ITALIA,Wed,2025-02-26,08:30:00.000000000,TTNU8203825,09:28:00.000000000,normal hours,27.16,Brine,25.5,692.58
TORRE ITALIA,Wed,2025-02-26,09:19:00.000000000,TTNU8204478,12:41:00.000000000,normal hours,26.93,Brine,25.5,686.715
TORRE ITALIA,Wed,2025-02-26,10:11:00.000000000,TTNU8281643,10:32:00.000000000,normal hours,10.87,Brine,25.5,277.185
TORRE ITALIA,Wed,2025-02-26,10:41:00.000000000,TTNU8204966,12:19:00.000000000,normal hours,26.99,Brine,25.5,688.245
TORRE ITALIA,Wed,2025-02-26,11:05:00.000000000,TCLU1265804,16:58:00.000000000,normal hours,21.16,Brine,25.5,539.58
TORRE ITALIA,Wed,2025-02-26,12:51:00.000000000,TLLU1034980,14:24:00.000000000,normal hours,26.64,Brine,25.5,679.32
TORRE ITALIA,Wed,2025-02-26,12:55:00.000000000,TRIU8031103,16:59:00.000000000,normal hours,19.95,Brine,25.5,508.72499999999997
TORRE ITALIA,Wed,2025-02-26,14:49:00.000000000,TLLU1034280,16:39:00.000000000,normal hours,26.77,Brine,25.5,682.635
TORRE ITALIA,Wed,2025-02-26,16:47:00.000000000,TTNU8204288,16:58:00.000000000,normal hours,2.94,Brine,25.5,74.97
TORRE ITALIA,Thu,2025-02-27,08:29:00.000000000,TTNU8204288,10:30:00.000000000,normal hours,24.12,Brine,25.5,615.0600000000001
TORRE ITALIA,Thu,2025-02-27,08:32:00.000000000,TCLU1265804,10:44:00.000000000,normal hours,5.77,Brine,25.5,147.135
TORRE ITALIA,Thu,2025-02-27,08:38:00.000000000,TRIU8031103,09:07:00.000000000,normal hours,7.05,Brine,25.5,179.775
TORRE ITALIA,Thu,2025-02-27,09:42:00.000000000,TCLU1221339,12:07:00.000000000,normal hours,27.02,Brine,25.5,689.01
TORRE ITALIA,Thu,2025-02-27,10:25:00.000000000,TTNU8202963,12:36:00.000000000,normal hours,27.0,Brine,25.5,688.5
TORRE ITALIA,Thu,2025-02-27,11:24:00.000000000,TCLU1216899,13:58:00.000000000,normal hours,14.85,Brine,25.5,378.675
TORRE ITALIA,Thu,2025-02-27,12:31:00.000000000,TCLU1215531,16:11:00.000000000,normal hours,13.76,Brine,25.5,350.88
TORRE ITALIA,Thu,2025-02-27,12:41:00.000000000,TTNU8076079,16:30:00.000000000,normal hours,26.84,Brine,25.5,684.42
TORRE ITALIA,Thu,2025-02-27,16:24:00.000000000,TTNU8338522,16:52:00.000000000,normal hours,10.19,Brine,25.5,259.84499999999997
TORRE ITALIA,Thu,2025-02-27,17:00:19.000000000,TTNU8338522,17:24:00.000000000,overtime 150%,10.12,Brine,25.5,387.09000000000003
TORRE ITALIA,Thu,2025-02-27,17:03:00.000000000,TTNU8204204,18:41:00.000000000,overtime 150%,23.93,Brine,25.5,915.3225
TORRE ITALIA,Thu,2025-02-27,17:31:00.000000000,TCLU1215531,18:30:00.000000000,overtime 150%,1.59,Brine,25.5,60.8175
TXORI GORRI,Tue,2025-03-18,10:56:00.000000000,TCLU1222417,12:04:00.000000000,normal hours,22.76,Brine,25.5,580.38
TXORI GORRI,Tue,2025-03-18,12:59:00.000000000,TLLU1030120,13:11:00.000000000,normal hours,4.97,Brine,25.5,126.735
JAI ALAI,Fri,2025-03-21,08:34:00.000000000,TLLU1033854,09:57:00.000000000,normal hours,27.19,Brine,25.5,693.345
JAI ALAI,Fri,2025-03-21,10:14:00.000000000,TLLU1033643,11:13:00.000000000,normal hours,27.11,Brine,25.5,691.305
JAI ALAI,Fri,2025-03-21,11:36:00.000000000,TLLU1034845,12:35:00.000000000,normal hours,27.12,Brine,25.5,691.5600000000001
JAI ALAI,Fri,2025-03-21,12:57:00.000000000,TLLU1034280,14:04:00.000000000,normal hours,27.18,Brine,25.5,693.09
JAI ALAI,Fri,2025-03-21,14:20:00.000000000,TCLU1215531,15:37:00.000000000,normal hours,27.11,Brine,25.5,691.305
JAI ALAI,Fri,2025-03-21,15:24:00.000000000,TCLU1264583,16:49:00.000000000,normal hours,17.43,Brine,25.5,444.465
JAI ALAI,Fri,2025-03-21,15:47:00.000000000,TTNU8203548,16:46:00.000000000,normal hours,17.4,Brine,25.5,443.7
JAI ALAI,Sat,2025-03-22,08:18:00.000000000,TTNU8203548,08:40:00.000000000,normal hours,10.13,Brine,25.5,258.315
JAI ALAI,Sat,2025-03-22,08:27:00.000000000,TCLU1264583,08:59:00.000000000,normal hours,9.72,Brine,25.5,247.86
JAI ALAI,Sat,2025-03-22,08:51:00.000000000,TTNU8194786,11:41:00.000000000,normal hours,27.0,Brine,25.5,688.5
JAI ALAI,Sat,2025-03-22,09:43:00.000000000,TTNU8203363,12:12:00.000000000,normal hours,27.15,Brine,25.5,692.3249999999999
JAI ALAI,Sat,2025-03-22,11:49:00.000000000,TTNU8192823,12:55:00.000000000,normal hours,27.14,Brine,25.5,692.07
JAI ALAI,Sat,2025-03-22,12:37:00.000000000,TTNU8031834,14:37:00.000000000,normal hours,27.16,Brine,25.5,692.58
JAI ALAI,Sat,2025-03-22,13:03:00.000000000,TTNU8057021,14:19:00.000000000,normal hours,26.98,Brine,25.5,687.99
JAI ALAI,Sat,2025-03-22,14:27:00.000000000,TTNU8203960,15:43:00.000000000,normal hours,27.16,Brine,25.5,692.58
JAI ALAI,Sat,2025-03-22,15:18:00.000000000,TTNU8203358,16:42:00.000000000,normal hours,19.31,Brine,25.5,492.405
JAI ALAI,Sat,2025-03-22,15:53:00.000000000,TTNU8204420,16:37:00.000000000,normal hours,14.85,Brine,25.5,378.675
JAI ALAI,Sun,2025-03-23,08:14:00.000000000,TTNU8203358,08:34:00.000000000,overtime 150%,7.89,Brine,25.5,301.7925
JAI ALAI,Sun,2025-03-23,08:16:00.000000000,TTNU8204420,08:37:00.000000000,overtime 150%,12.28,Brine,25.5,469.71
JAI ALAI,Sun,2025-03-23,09:03:00.000000000,TCLU1223305,10:10:00.000000000,overtime 150%,26.98,Brine,25.5,1031.9850000000001
JAI ALAI,Sun,2025-03-23,10:15:00.000000000,TTNU8203738,12:10:00.000000000,overtime 150%,27.19,Brine,25.5,1040.0175
JAI ALAI,Sun,2025-03-23,11:27:00.000000000,TRIU8980882,13:49:00.000000000,overtime 150%,27.25,Brine,25.5,1042.3125
JAI ALAI,Sun,2025-03-23,12:17:00.000000000,TRIU8898265,14:17:00.000000000,overtime 150%,27.23,Brine,25.5,1041.5475000000001
JAI ALAI,Sun,2025-03-23,14:01:00.000000000,TCLU1228570,15:43:00.000000000,overtime 150%,23.84,Brine,25.5,911.8799999999999
JAI ALAI,Sun,2025-03-23,14:26:00.000000000,TCLU1216461,15:48:00.000000000,overtime 150%,19.84,Brine,25.5,758.88
JAI ALAI,Mon,2025-03-24,08:11:00.000000000,TCLU1228570,08:17:00.000000000,normal hours,3.27,Brine,25.5,83.385
JAI ALAI,Mon,2025-03-24,08:20:00.000000000,TCLU1216461,08:42:00.000000000,normal hours,7.16,Brine,25.5,182.58
JAI ALAI,Mon,2025-03-24,08:48:00.000000000,TRIU8031103,10:18:00.000000000,normal hours,27.1,Brine,25.5,691.0500000000001
JAI ALAI,Mon,2025-03-24,11:02:00.000000000,TTNU8193347,13:39:00.000000000,normal hours,13.4,Brine,25.5,341.7
IZARO,Mon,2025-03-31,13:44:00.000000000,TCLU1264583,14:05:00.000000000,normal hours,11.95,Brine,25.5,304.72499999999997
IZARO,Tue,2025-04-01,12:25:00.000000000,TTNU8203086,16:13:00.000000000,normal hours,24.04,Brine,25.5,613.02
IZARO,Tue,2025-04-01,13:01:00.000000000,TCLU1264583,13:39:00.000000000,normal hours,12.99,Brine,25.5,331.245
IZARO,Tue,2025-04-01,14:24:00.000000000,TTNU8204966,16:55:00.000000000,normal hours,22.74,Brine,25.5,579.87
ELAI ALAI,Thu,2025-04-10,08:46:00.000000000,TTNU8204293,10:17:00.000000000,normal hours,28.6,Brine,25.5,729.3000000000001
ELAI ALAI,Thu,2025-04-10,10:59:00.000000000,TTNU8071858,12:25:00.000000000,normal hours,27.68,Brine,25.5,705.84
ELAI ALAI,Thu,2025-04-10,12:39:00.000000000,TTNU8202813,12:49:00.000000000,normal hours,4.7,Brine,25.5,119.85000000000001
ELAI ALAI,Thu,2025-04-10,13:43:00.000000000,TTNU8202963,14:45:00.000000000,normal hours,28.23,Brine,25.5,719.865
ELAI ALAI,Thu,2025-04-10,15:00:00.000000000,TTNU8203975,16:35:00.000000000,normal hours,18.3,Brine,25.5,466.65000000000003
ELAI ALAI,Fri,2025-04-11,08:29:00.000000000,TRIU8033045,11:25:00.000000000,normal hours,28.17,Brine,25.5,718.335
ELAI ALAI,Fri,2025-04-11,08:36:00.000000000,TTNU8202813,11:04:00.000000000,normal hours,23.82,Brine,25.5,607.41
ELAI ALAI,Fri,2025-04-11,11:20:00.000000000,TRIU8030806,14:29:00.000000000,normal hours,28.46,Brine,25.5,725.73
ELAI ALAI,Fri,2025-04-11,11:51:00.000000000,TLLU1030562,15:00:00.000000000,normal hours,28.83,Brine,25.5,735.165
ELAI ALAI,Fri,2025-04-11,14:43:00.000000000,TTNU8204061,16:31:00.000000000,normal hours,19.79,Brine,25.5,504.645
ELAI ALAI,Fri,2025-04-11,15:17:00.000000000,TCLU1221914,16:39:00.000000000,normal hours,17.65,Brine,25.5,450.075
ELAI ALAI,Sat,2025-04-12,08:20:00.000000000,TCLU1221914,09:52:00.000000000,normal hours,11.16,Brine,25.5,284.58
ELAI ALAI,Sat,2025-04-12,08:25:00.000000000,TTNU8204061,09:06:00.000000000,normal hours,9.02,Brine,25.5,230.01
ELAI ALAI,Sat,2025-04-12,09:34:00.000000000,TTNU8203677,10:20:00.000000000,normal hours,9.89,Brine,25.5,252.19500000000002
ELAI ALAI,Sat,2025-04-12,10:00:00.000000000,TTNU8204014,13:48:00.000000000,normal hours,28.4,Brine,25.5,724.1999999999999
ELAI ALAI,Sat,2025-04-12,10:46:00.000000000,TTNU8338116,15:43:00.000000000,normal hours,28.79,Brine,25.5,734.145
ELAI ALAI,Sat,2025-04-12,14:40:00.000000000,TTNU8203430,16:20:00.000000000,normal hours,14.48,Brine,25.5,369.24
ELAI ALAI,Sat,2025-04-12,16:02:00.000000000,TCLU1263735,16:20:00.000000000,normal hours,4.73,Brine,25.5,120.61500000000001
ELAI ALAI,Sun,2025-04-13,08:23:00.000000000,TCLU1263735,12:59:00.000000000,overtime 150%,11.81,Brine,25.5,451.7325000000001
ELAI ALAI,Sun,2025-04-13,08:32:00.000000000,TTNU8203430,11:18:00.000000000,overtime 150%,13.39,Brine,25.5,512.1675
ALAKRANA,PH,2025-04-20,08:40:00.000000000,TTNU8203363,09:28:00.000000000,overtime 150%,21.73,Brine,25.5,831.1725
ALAKRANA,PH,2025-04-20,09:42:00.000000000,TRIU8864476,12:32:00.000000000,overtime 150%,27.99,Brine,25.5,1070.6175
ALAKRANA,PH,2025-04-20,12:59:00.000000000,TLLU1033854,15:19:00.000000000,overtime 150%,8.76,Brine,25.5,335.07
ELAI ALAI,Tue,2025-04-22,08:39:00.000000000,TTNU8057021,11:13:00.000000000,normal hours,27.75,Brine,25.5,707.625
ELAI ALAI,Tue,2025-04-22,11:48:00.000000000,TRIU8011175,15:03:00.000000000,normal hours,28.68,Brine,25.5,731.34
ELAI ALAI,Tue,2025-04-22,15:23:00.000000000,TTNU8374957,16:31:00.000000000,normal hours,10.59,Brine,25.5,270.045
ELAI ALAI,Wed,2025-04-23,08:12:00.000000000,TTNU8374957,09:49:00.000000000,normal hours,16.57,Brine,25.5,422.535
ELAI ALAI,Wed,2025-04-23,10:15:00.000000000,TLLU1034845,14:04:00.000000000,normal hours,27.73,Brine,25.5,707.115
ALAKRANA,Wed,2025-05-14,08:49:00.000000000,TRIU8033045,10:20:00.000000000,normal hours,28.05,Brine,25.5,715.275
ALAKRANA,Wed,2025-05-14,10:25:00.000000000,TLLU1030351,11:51:00.000000000,normal hours,27.85,Brine,25.5,710.1750000000001
ALAKRANA,Wed,2025-05-14,11:59:00.000000000,TTNU8058692,13:12:00.000000000,normal hours,28.0,Brine,25.5,714.0
ALAKRANA,Wed,2025-05-14,13:38:00.000000000,TTNU8031834,15:09:00.000000000,normal hours,27.96,Brine,25.5,712.98
ALAKRANA,Wed,2025-05-14,15:17:00.000000000,TLLU1034085,16:37:00.000000000,normal hours,28.19,Brine,25.5,718.845
ALAKRANA,Thu,2025-05-15,08:40:00.000000000,TTNU8203342,09:19:00.000000000,normal hours,27.46,Brine,25.5,700.23
ALAKRANA,Thu,2025-05-15,09:32:00.000000000,TTNU8203445,10:07:00.000000000,normal hours,27.42,Brine,25.5,699.21
ALAKRANA,Thu,2025-05-15,10:22:00.000000000,TCLU1271010,11:28:00.000000000,normal hours,27.62,Brine,25.5,704.3100000000001
ALAKRANA,Thu,2025-05-15,11:41:00.000000000,TTNU8338116,12:47:00.000000000,normal hours,27.58,Brine,25.5,703.29
ALAKRANA,Thu,2025-05-15,12:54:00.000000000,TCLU1273878,14:41:00.000000000,normal hours,27.595,Brine,25.5,703.6725
ALAKRANA,Thu,2025-05-15,14:50:00.000000000,TTNU8203677,16:00:00.000000000,normal hours,27.38,Brine,25.5,698.1899999999999
ALAKRANA,Thu,2025-05-15,16:09:00.000000000,TLLU1034953,16:46:00.000000000,normal hours,20.01,Brine,25.5,510.25500000000005
ALAKRANA,Fri,2025-05-16,08:14:00.000000000,TLLU1034953,08:30:00.000000000,normal hours,7.46,Brine,25.5,190.23
ALAKRANA,Fri,2025-05-16,09:07:00.000000000,TLLU1033833,09:25:00.000000000,normal hours,27.63,Brine,25.5,704.5649999999999
ALAKRANA,Fri,2025-05-16,09:25:00.000000000,TTNU8204420,10:15:00.000000000,normal hours,27.33,Brine,25.5,696.915
ALAKRANA,Fri,2025-05-16,11:23:00.000000000,TTNU8204225,12:56:00.000000000,normal hours,27.69,Brine,25.5,706.095
ALAKRANA,Fri,2025-05-16,13:19:00.000000000,TRIU8030806,14:58:00.000000000,normal hours,28.12,Brine,25.5,717.0600000000001
ALAKRANA,Fri,2025-05-16,15:34:00.000000000,TCLU1221914,15:52:00.000000000,normal hours,27.69,Brine,25.5,706.095
ALAKRANA,Sat,2025-05-17,08:11:00.000000000,TTNU8374670,09:09:00.000000000,normal hours,27.66,Brine,25.5,705.33
ALAKRANA,Sat,2025-05-17,09:41:00.000000000,TCLU1216780,09:41:00.000000000,normal hours,27.52,Brine,25.5,701.76
DOLOMIEU,Fri,2025-05-23,09:33:00.000000000,TTNU8193049,15:29:00.000000000,normal hours,29.66,Brine,25.5,756.33
IZARO,Thu,2025-05-29,09:07:00.000000000,TLLU1034927,10:13:00.000000000,normal hours,26.06,Brine,25.5,664.53
IZARO,Thu,2025-05-29,10:15:00.000000000,TTNU8056787,11:11:00.000000000,normal hours,26.18,Brine,25.5,667.59
IZARO,Thu,2025-05-29,11:15:00.000000000,TTNU8203358,12:15:00.000000000,normal hours,26.24,Brine,25.5,669.12
IZARO,Thu,2025-05-29,12:21:00.000000000,TCLU1263735,13:25:00.000000000,normal hours,26.1,Brine,25.5,665.5500000000001
IZARO,Thu,2025-05-29,13:25:00.000000000,TCLU1265804,14:45:00.000000000,normal hours,27.29,Brine,25.5,695.895
IZARO,Thu,2025-05-29,14:50:00.000000000,TTNU8203363,16:03:00.000000000,normal hours,25.53,Brine,25.5,651.015
IZARO,Thu,2025-05-29,16:10:00.000000000,TCLU1275588,16:33:00.000000000,normal hours,8.47,Brine,25.5,215.985
IZARO,Fri,2025-05-30,08:18:00.000000000,TCLU1275588,09:17:00.000000000,normal hours,18.37,Brine,25.5,468.435
IZARO,Fri,2025-05-30,09:21:00.000000000,TTNU8338522,10:38:00.000000000,normal hours,25.75,Brine,25.5,656.625
IZARO,Fri,2025-05-30,10:42:00.000000000,TTNU8056832,12:09:00.000000000,normal hours,26.51,Brine,25.5,676.005
IZARO,Fri,2025-05-30,12:13:00.000000000,TTNU8203614,13:22:00.000000000,normal hours,26.69,Brine,25.5,680.595
IZARO,Fri,2025-05-30,14:00:00.000000000,TTNU8203830,15:06:00.000000000,normal hours,26.58,Brine,25.5,677.79
IZARO,Fri,2025-05-30,15:10:00.000000000,TLLU1032518,16:13:00.000000000,normal hours,26.51,Brine,25.5,676.005
IZARO,Fri,2025-05-30,16:19:00.000000000,TTNU8202599,16:52:00.000000000,normal hours,9.23,Brine,25.5,235.365
IZARO,Sat,2025-05-31,08:14:00.000000000,TCLU1218470,08:56:00.000000000,normal hours,26.36,Brine,25.5,672.18
IZARO,Sat,2025-05-31,09:02:00.000000000,TTNU8202599,09:45:00.000000000,normal hours,17.58,Brine,25.5,448.28999999999996
IZARO,Sat,2025-05-31,09:50:00.000000000,TTNU8034849,10:53:00.000000000,normal hours,26.99,Brine,25.5,688.245
IZARO,Sat,2025-05-31,10:57:00.000000000,TTNU8194786,12:53:00.000000000,normal hours,27.56,Brine,25.5,702.78
IZARO,Sat,2025-05-31,12:59:00.000000000,TRIU8030806,14:21:00.000000000,normal hours,26.47,Brine,25.5,674.985
IZARO,Sat,2025-05-31,14:25:00.000000000,TLLU1033854,15:18:00.000000000,normal hours,26.73,Brine,25.5,681.615
IZARO,Sat,2025-05-31,15:38:00.000000000,TTNU8374670,16:21:00.000000000,normal hours,27.07,Brine,25.5,690.285
TXORI GORRI,PH,2025-06-19,08:34:00.000000000,TRIU8068294,10:24:00.000000000,overtime 150%,26.86,Brine,25.5,1027.395
TXORI GORRI,PH,2025-06-19,09:45:00.000000000,TTNU8339350,11:08:00.000000000,overtime 150%,27.03,Brine,25.5,1033.8975
TXORI GORRI,PH,2025-06-19,12:01:00.000000000,TTNU8034849,14:13:00.000000000,overtime 150%,26.91,Brine,25.5,1029.3075000000001
TXORI GORRI,PH,2025-06-19,13:55:00.000000000,TTNU8054125,14:53:00.000000000,overtime 150%,26.96,Brine,25.5,1031.22
TXORI GORRI,PH,2025-06-19,14:06:00.000000000,TTNU8204610,15:30:00.000000000,overtime 150%,26.92,Brine,25.5,1029.69
TXORI GORRI,PH,2025-06-19,15:10:00.000000000,TCLU1275588,15:55:00.000000000,overtime 150%,10.08,Brine,25.5,385.56000000000006
TXORI GORRI,PH,2025-06-19,15:47:00.000000000,TTNU8057021,15:52:00.000000000,overtime 150%,4.06,Brine,25.5,155.295
AVEL VAD,Fri,2025-06-20,08:25:00.000000000,TCLU1265804,09:06:00.000000000,normal hours,27.0,Brine,25.5,688.5
AVEL VAD,Fri,2025-06-20,08:27:00.000000000,TTNU8494525,09:33:00.000000000,normal hours,26.95,Brine,25.5,687.225
AVEL VAD,Fri,2025-06-20,09:11:00.000000000,TTNU8374957,09:53:00.000000000,normal hours,26.92,Brine,25.5,686.46
AVEL VAD,Fri,2025-06-20,09:40:00.000000000,TRIU8980882,11:58:00.000000000,normal hours,26.95,Brine,25.5,687.225
AVEL VAD,Fri,2025-06-20,09:57:00.000000000,TTNU8016059,12:02:00.000000000,normal hours,26.87,Brine,25.5,685.1850000000001
AVEL VAD,Fri,2025-06-20,11:07:00.000000000,TTNU8204441,13:40:00.000000000,normal hours,27.0,Brine,25.5,688.5
AVEL VAD,Fri,2025-06-20,12:06:00.000000000,TTNU8203358,12:49:00.000000000,normal hours,26.95,Brine,25.5,687.225
AVEL VAD,Fri,2025-06-20,13:29:00.000000000,TCLU1217149,14:18:00.000000000,normal hours,26.93,Brine,25.5,686.715
AVEL VAD,Fri,2025-06-20,14:02:00.000000000,TTNU8374670,15:55:00.000000000,normal hours,26.92,Brine,25.5,686.46
AVEL VAD,Fri,2025-06-20,15:06:00.000000000,TTNU8340427,16:00:00.000000000,normal hours,26.95,Brine,25.5,687.225
AVEL VAD,Fri,2025-06-20,16:17:00.000000000,TRIU8033045,16:56:00.000000000,normal hours,13.41,Brine,25.5,341.955
AVEL VAD,Fri,2025-06-20,16:33:00.000000000,TCLU1218470,16:55:00.000000000,normal hours,15.45,Brine,25.5,393.97499999999997
AVEL VAD,Fri,2025-06-20,17:01:00.000000000,TCLU1218470,17:19:00.000000000,overtime 150%,11.61,Brine,25.5,444.0825
AVEL VAD,Fri,2025-06-20,17:05:00.000000000,TRIU8033045,17:43:00.000000000,overtime 150%,13.41,Brine,25.5,512.9325
AVEL VAD,Fri,2025-06-20,17:38:00.000000000,TRIU8898265,17:58:00.000000000,overtime 150%,15.85,Brine,25.5,606.2625
TXORI GORRI,Fri,2025-06-20,08:11:00.000000000,TTNU8057021,09:49:00.000000000,normal hours,22.98,Brine,25.5,585.99
TXORI GORRI,Fri,2025-06-20,08:18:00.000000000,TCLU1275588,09:00:00.000000000,normal hours,16.8,Brine,25.5,428.40000000000003
TXORI GORRI,Fri,2025-06-20,09:16:00.000000000,TTNU8283158,10:24:00.000000000,normal hours,26.21,Brine,25.5,668.355
TXORI GORRI,Fri,2025-06-20,10:10:00.000000000,TTNU8204204,11:56:00.000000000,normal hours,27.0,Brine,25.5,688.5
TXORI GORRI,Fri,2025-06-20,11:03:00.000000000,TRIU8011175,11:48:00.000000000,normal hours,26.96,Brine,25.5,687.48
TXORI GORRI,Fri,2025-06-20,12:10:00.000000000,TTNU8388462,13:55:00.000000000,normal hours,27.0,Brine,25.5,688.5
TXORI GORRI,Fri,2025-06-20,12:40:00.000000000,TTNU8202813,14:41:00.000000000,normal hours,27.03,Brine,25.5,689.265
TXORI GORRI,Fri,2025-06-20,15:26:00.000000000,TLLU1032518,16:59:00.000000000,normal hours,18.1,Brine,25.5,461.55
TXORI GORRI,Fri,2025-06-20,15:49:00.000000000,TCLU1271052,16:48:00.000000000,normal hours,20.29,Brine,25.5,517.395
AVEL VAD,Sat,2025-06-21,08:25:00.000000000,TCLU1273878,10:37:00.000000000,normal hours,26.9,Brine,25.5,685.9499999999999
AVEL VAD,Sat,2025-06-21,08:27:00.000000000,TRIU8898265,08:59:00.000000000,normal hours,10.97,Brine,25.5,279.735
AVEL VAD,Sat,2025-06-21,09:20:00.000000000,TLLU1032550,10:36:00.000000000,normal hours,26.81,Brine,25.5,683.655
AVEL VAD,Sat,2025-06-21,10:41:00.000000000,TTNU8031834,11:29:00.000000000,normal hours,27.08,Brine,25.5,690.54
AVEL VAD,Sat,2025-06-21,11:16:00.000000000,TTNU8194786,13:32:00.000000000,normal hours,26.82,Brine,25.5,683.91
AVEL VAD,Sat,2025-06-21,11:52:00.000000000,TTNU8338522,13:41:00.000000000,normal hours,26.92,Brine,25.5,686.46
AVEL VAD,Sat,2025-06-21,13:49:00.000000000,TTNU8204420,15:26:00.000000000,normal hours,27.0,Brine,25.5,688.5
AVEL VAD,Sat,2025-06-21,14:07:00.000000000,TLLU1030433,14:55:00.000000000,normal hours,27.02,Brine,25.5,689.01
AVEL VAD,Sat,2025-06-21,15:00:00.000000000,TTNU8338116,15:40:00.000000000,normal hours,26.65,Brine,25.5,679.5749999999999
AVEL VAD,Sat,2025-06-21,16:11:00.000000000,TCLU1263735,16:53:00.000000000,normal hours,26.85,Brine,25.5,684.6750000000001
AVEL VAD,Sat,2025-06-21,16:22:00.000000000,TCLU1271010,16:58:00.000000000,normal hours,13.33,Brine,25.5,339.915
AVEL VAD,Sat,2025-06-21,17:07:00.000000000,TCLU1271010,17:53:00.000000000,overtime 150%,12.53,Brine,25.5,479.2725
AVEL VAD,Sat,2025-06-21,18:48:00.000000000,TTNU8203830,18:50:00.000000000,overtime 150%,4.01,Brine,25.5,153.3825
TXORI GORRI,Sat,2025-06-21,08:19:00.000000000,TCLU1271052,08:30:00.000000000,normal hours,6.65,Brine,25.5,169.57500000000002
TXORI GORRI,Sat,2025-06-21,08:29:00.000000000,TLLU1032518,08:47:00.000000000,normal hours,8.71,Brine,25.5,222.10500000000002
TXORI GORRI,Sat,2025-06-21,08:37:00.000000000,TTNU8202599,10:41:00.000000000,normal hours,27.0,Brine,25.5,688.5
TXORI GORRI,Sat,2025-06-21,09:15:00.000000000,TTNU8071858,14:15:00.000000000,normal hours,26.79,Brine,25.5,683.145
TXORI GORRI,Sat,2025-06-21,16:27:00.000000000,TCLU1268423,16:31:00.000000000,normal hours,4.8,Brine,25.5,122.39999999999999
TXORI GORRI,Sun,2025-06-22,08:30:00.000000000,TCLU1268423,13:01:00.000000000,overtime 150%,21.1,Brine,25.5,807.075
BERNICA,Tue,2025-06-24,08:32:00.000000000,TLLU1030562,11:39:00.000000000,normal hours,26.97,Dry,25.5,687.735
BERNICA,Tue,2025-06-24,09:47:00.000000000,TLLU1033854,15:29:00.000000000,normal hours,13.87,Dry,25.5,353.685
BERNICA,Tue,2025-06-24,11:55:00.000000000,TTNU8203614,13:39:00.000000000,normal hours,27.05,Dry,25.5,689.775
BERNICA,Tue,2025-06-24,14:01:00.000000000,TRIU8030806,16:48:00.000000000,normal hours,23.81,Dry,25.5,607.155
BERNICA,Wed,2025-06-25,08:18:00.000000000,TRIU8030806,08:27:00.000000000,normal hours,3.19,Dry,25.5,81.345
BERNICA,Wed,2025-06-25,08:37:00.000000000,TCLU1216780,10:04:00.000000000,normal hours,27.14,Dry,25.5,692.07
BERNICA,Wed,2025-06-25,10:15:00.000000000,TLLU1033643,12:19:00.000000000,normal hours,27.0,Dry,25.5,688.5
BERNICA,Wed,2025-06-25,12:22:00.000000000,TTNU8203492,16:58:00.000000000,normal hours,27.85,Dry,25.5,710.1750000000001
BERNICA,Wed,2025-06-25,13:10:00.000000000,TLLU1033854,13:10:00.000000000,normal hours,1.86,Dry,25.5,47.43
BERNICA,Wed,2025-06-25,14:18:00.000000000,TTNU8204924,16:50:00.000000000,normal hours,26.88,Dry,25.5,685.4399999999999
BERNICA,Wed,2025-06-25,16:58:00.000000000,TTNU8203342,16:58:00.000000000,normal hours,0.84,Dry,25.5,21.419999999999998
BERNICA,Thu,2025-06-26,08:26:00.000000000,TTNU8203342,11:33:00.000000000,normal hours,26.12,Dry,25.5,666.0600000000001
BERNICA,Thu,2025-06-26,11:35:00.000000000,TTNU8336350,13:05:00.000000000,normal hours,16.14,Dry,25.5,411.57
